Title,ASIN,Url
"S & E TEACHER'S EDITION 360pcs Pre-sharpened Pencils with eraser top, No.2 pencils #2 HB pencil, Golf, Classroom, Pew, 360 counts per box",,https://www.amazon.com/sspa/click?ie=UTF8&spc=MTo4NDI3MzM2MTY4NzAzNDYxOjE3NDU5Nzc2NDE6c3BfYXRmOjMwMDA5MTU5NjA0ODkwMjo6MDo6&url=%2FTEACHERS-Pre-sharpened-Pencils-pencils-Classroom%2Fdp%2FB0CJNSGF9S%2Fref%3Dsr_1_2_sspa%3Fdib%3DeyJ2IjoiMSJ9.ipF6Nb_jyPvG8pTjlLapGBTa63gFmVMBNNJNBgJPqDWeduIXZvqDUHbsG7bpFkIV8geqv9k8T2Sb43mNcn0m57kP9-r5eeqDbwXmFMOndGILKUlo7-o95bkJ_HHZhqV3oGCsR8Pd0UHNUVbvB3fATcQfReCSLf22Q39knrjXurVhxs5vxSB0W8LikbtEtfBUPbdOafHFPYsUDC1d7LIt-OHOrVuUtani9ddEuvrpifpoP7EYiLL7_qXnfjJH6XeYgfF1vW5s_XPU4MCw9moTHhBxU5fZ1cwXOqKMTu8AcDI.AUk9loDgaGvQNtvrDO8QrW-zcVbx8CpuMjNXd1eMK2Q%26dib_tag%3Dse%26keywords%3DPencil%26qid%3D1745977641%26sr%3D8-2-spons%26sp_csd%3Dd2lkZ2V0TmFtZT1zcF9hdGY%26psc%3D1
"Shuttle Art Wood-Cased #2 HB Pencils, 350 Pack Sharpened Yellow Pencils with Erasers, Bulk Pack Graphite Pencils for School and Teacher Supplies, Writing, Drawing and Sketching",,https://www.amazon.com/sspa/click?ie=UTF8&spc=MTo4NDI3MzM2MTY4NzAzNDYxOjE3NDU5Nzc2NDE6c3BfYXRmOjIwMDAyNTE5MTY0MDM1MTo6MDo6&url=%2FWood-Cased-Shuttle-Art-Sharpened-Sketching%2Fdp%2FB0891SSBJT%2Fref%3Dsr_1_3_sspa%3Fdib%3DeyJ2IjoiMSJ9.ipF6Nb_jyPvG8pTjlLapGBTa63gFmVMBNNJNBgJPqDWeduIXZvqDUHbsG7bpFkIV8geqv9k8T2Sb43mNcn0m57kP9-r5eeqDbwXmFMOndGILKUlo7-o95bkJ_HHZhqV3oGCsR8Pd0UHNUVbvB3fATcQfReCSLf22Q39knrjXurVhxs5vxSB0W8LikbtEtfBUPbdOafHFPYsUDC1d7LIt-OHOrVuUtani9ddEuvrpifpoP7EYiLL7_qXnfjJH6XeYgfF1vW5s_XPU4MCw9moTHhBxU5fZ1cwXOqKMTu8AcDI.AUk9loDgaGvQNtvrDO8QrW-zcVbx8CpuMjNXd1eMK2Q%26dib_tag%3Dse%26keywords%3DPencil%26qid%3D1745977641%26sr%3D8-3-spons%26sp_csd%3Dd2lkZ2V0TmFtZT1zcF9hdGY%26psc%3D1
"Amazon Basics Woodcased Classroom #2 Pencils with Erasers, Pre-sharpened, HB Lead, Value Pack of 30 count, Orange",,https://www.amazon.com/sspa/click?ie=UTF8&spc=MTo4NDI3MzM2MTY4NzAzNDYxOjE3NDU5Nzc2NDE6c3BfYXRmOjIwMDAxMDUwOTM1NzUzMTo6MDo6&url=%2FAmazonBasics-Pre-sharpened-Wood-Cased-Pencils%2Fdp%2FB071JM699B%2Fref%3Dsr_1_1_ffob_sspa%3Fdib%3DeyJ2IjoiMSJ9.ipF6Nb_jyPvG8pTjlLapGBTa63gFmVMBNNJNBgJPqDWeduIXZvqDUHbsG7bpFkIV8geqv9k8T2Sb43mNcn0m57kP9-r5eeqDbwXmFMOndGILKUlo7-o95bkJ_HHZhqV3oGCsR8Pd0UHNUVbvB3fATcQfReCSLf22Q39knrjXurVhxs5vxSB0W8LikbtEtfBUPbdOafHFPYsUDC1d7LIt-OHOrVuUtani9ddEuvrpifpoP7EYiLL7_qXnfjJH6XeYgfF1vW5s_XPU4MCw9moTHhBxU5fZ1cwXOqKMTu8AcDI.AUk9loDgaGvQNtvrDO8QrW-zcVbx8CpuMjNXd1eMK2Q%26dib_tag%3Dse%26keywords%3DPencil%26qid%3D1745977641%26sr%3D8-1-spons%26sp_csd%3Dd2lkZ2V0TmFtZT1zcF9hdGY%26psc%3D1
"Enday #2 Pencils Bulk - 300 Pack, Pre-Sharpened Wood-Cased Yellow Pencils with Latex-Free Eraser Top for Office and Classroom Supplies",,https://www.amazon.com/sspa/click?ie=UTF8&spc=MTo4NDI3MzM2MTY4NzAzNDYxOjE3NDU5Nzc2NDE6c3BfYXRmOjMwMDcxMjU4MDY1MzcwMjo6MDo6&url=%2FEnday-Pencils-Bulk-Pre-Sharpened-Wood-Cased%2Fdp%2FB0C66WXKV9%2Fref%3Dsr_1_4_sspa%3Fdib%3DeyJ2IjoiMSJ9.ipF6Nb_jyPvG8pTjlLapGBTa63gFmVMBNNJNBgJPqDWeduIXZvqDUHbsG7bpFkIV8geqv9k8T2Sb43mNcn0m57kP9-r5eeqDbwXmFMOndGILKUlo7-o95bkJ_HHZhqV3oGCsR8Pd0UHNUVbvB3fATcQfReCSLf22Q39knrjXurVhxs5vxSB0W8LikbtEtfBUPbdOafHFPYsUDC1d7LIt-OHOrVuUtani9ddEuvrpifpoP7EYiLL7_qXnfjJH6XeYgfF1vW5s_XPU4MCw9moTHhBxU5fZ1cwXOqKMTu8AcDI.AUk9loDgaGvQNtvrDO8QrW-zcVbx8CpuMjNXd1eMK2Q%26dib_tag%3Dse%26keywords%3DPencil%26qid%3D1745977641%26sr%3D8-4-spons%26sp_csd%3Dd2lkZ2V0TmFtZT1zcF9hdGY%26psc%3D1
"Shuttle Art Mechanical Pencils, 210 Pack Bulk Mechanical Pencils 0.7mm Medium Point, HB #2 Lead, Assorted Barrels, Office School Supplies",,https://www.amazon.com/sspa/click?ie=UTF8&spc=MTo4NDI3MzM2MTY4NzAzNDYxOjE3NDU5Nzc2NDE6c3BfYXRmOjMwMDIxMzg1Mzg5MzgwMjo6MDo6&url=%2FMechanical-Shuttle-Art-Assorted-Supplies%2Fdp%2FB087BWTFGP%2Fref%3Dsr_1_5_sspa%3Fdib%3DeyJ2IjoiMSJ9.ipF6Nb_jyPvG8pTjlLapGBTa63gFmVMBNNJNBgJPqDWeduIXZvqDUHbsG7bpFkIV8geqv9k8T2Sb43mNcn0m57kP9-r5eeqDbwXmFMOndGILKUlo7-o95bkJ_HHZhqV3oGCsR8Pd0UHNUVbvB3fATcQfReCSLf22Q39knrjXurVhxs5vxSB0W8LikbtEtfBUPbdOafHFPYsUDC1d7LIt-OHOrVuUtani9ddEuvrpifpoP7EYiLL7_qXnfjJH6XeYgfF1vW5s_XPU4MCw9moTHhBxU5fZ1cwXOqKMTu8AcDI.AUk9loDgaGvQNtvrDO8QrW-zcVbx8CpuMjNXd1eMK2Q%26dib_tag%3Dse%26keywords%3DPencil%26qid%3D1745977641%26sr%3D8-5-spons%26sp_csd%3Dd2lkZ2V0TmFtZT1zcF9hdGY%26psc%3D1%26smid%3DA4YKSJ25VQ2PM
"Amazon Basics Woodcased Classroom #2 Pencils with Erasers, Pre-sharpened, HB Lead, Value Pack of 30 count, Orange",B071JM699B,https://www.amazon.com/AmazonBasics-Pre-sharpened-Wood-Cased-Pencils/dp/B071JM699B/ref=sr_1_8?dib=eyJ2IjoiMSJ9.ipF6Nb_jyPvG8pTjlLapGBTa63gFmVMBNNJNBgJPqDWeduIXZvqDUHbsG7bpFkIV8geqv9k8T2Sb43mNcn0m57kP9-r5eeqDbwXmFMOndGILKUlo7-o95bkJ_HHZhqV3oGCsR8Pd0UHNUVbvB3fATcQfReCSLf22Q39knrjXurVhxs5vxSB0W8LikbtEtfBUPbdOafHFPYsUDC1d7LIt-OHOrVuUtani9ddEuvrpifpoP7EYiLL7_qXnfjJH6XeYgfF1vW5s_XPU4MCw9moTHhBxU5fZ1cwXOqKMTu8AcDI.AUk9loDgaGvQNtvrDO8QrW-zcVbx8CpuMjNXd1eMK2Q&dib_tag=se&keywords=Pencil&qid=1745977641&sr=8-8
"Madisi Wood-Cased #2 HB Pencils, Yellow, Pre-sharpened, Bulk Pack, 576 pencils in box",B07NW9N6W5,https://www.amazon.com/Wood-Cased-Pencils-Pre-sharpened-pencils-Madisi/dp/B07NW9N6W5/ref=sr_1_7?dib=eyJ2IjoiMSJ9.ipF6Nb_jyPvG8pTjlLapGBTa63gFmVMBNNJNBgJPqDWeduIXZvqDUHbsG7bpFkIV8geqv9k8T2Sb43mNcn0m57kP9-r5eeqDbwXmFMOndGILKUlo7-o95bkJ_HHZhqV3oGCsR8Pd0UHNUVbvB3fATcQfReCSLf22Q39knrjXurVhxs5vxSB0W8LikbtEtfBUPbdOafHFPYsUDC1d7LIt-OHOrVuUtani9ddEuvrpifpoP7EYiLL7_qXnfjJH6XeYgfF1vW5s_XPU4MCw9moTHhBxU5fZ1cwXOqKMTu8AcDI.AUk9loDgaGvQNtvrDO8QrW-zcVbx8CpuMjNXd1eMK2Q&dib_tag=se&keywords=Pencil&qid=1745977641&sr=8-7
"Wood-Cased #2 HB Pencils, Pre-sharpened, 360 Count Bulk Pack",B0CFQJ9834,https://www.amazon.com/Rarlan-Wood-Cased-Pencils-Pre-sharpened-Count/dp/B0CFQJ9834/ref=sr_1_9?dib=eyJ2IjoiMSJ9.ipF6Nb_jyPvG8pTjlLapGBTa63gFmVMBNNJNBgJPqDWeduIXZvqDUHbsG7bpFkIV8geqv9k8T2Sb43mNcn0m57kP9-r5eeqDbwXmFMOndGILKUlo7-o95bkJ_HHZhqV3oGCsR8Pd0UHNUVbvB3fATcQfReCSLf22Q39knrjXurVhxs5vxSB0W8LikbtEtfBUPbdOafHFPYsUDC1d7LIt-OHOrVuUtani9ddEuvrpifpoP7EYiLL7_qXnfjJH6XeYgfF1vW5s_XPU4MCw9moTHhBxU5fZ1cwXOqKMTu8AcDI.AUk9loDgaGvQNtvrDO8QrW-zcVbx8CpuMjNXd1eMK2Q&dib_tag=se&keywords=Pencil&qid=1745977641&sr=8-9
"Amazon Basics Wood-Cased #2 Pencils, Pre-sharpened, HB Lead Bulk Box, 150 Count, Yellow",B071JM699P,https://www.amazon.com/AmazonBasics-Pre-sharpened-Wood-Cased-Pencils/dp/B071JM699P/ref=sr_1_6?dib=eyJ2IjoiMSJ9.ipF6Nb_jyPvG8pTjlLapGBTa63gFmVMBNNJNBgJPqDWeduIXZvqDUHbsG7bpFkIV8geqv9k8T2Sb43mNcn0m57kP9-r5eeqDbwXmFMOndGILKUlo7-o95bkJ_HHZhqV3oGCsR8Pd0UHNUVbvB3fATcQfReCSLf22Q39knrjXurVhxs5vxSB0W8LikbtEtfBUPbdOafHFPYsUDC1d7LIt-OHOrVuUtani9ddEuvrpifpoP7EYiLL7_qXnfjJH6XeYgfF1vW5s_XPU4MCw9moTHhBxU5fZ1cwXOqKMTu8AcDI.AUk9loDgaGvQNtvrDO8QrW-zcVbx8CpuMjNXd1eMK2Q&dib_tag=se&keywords=Pencil&qid=1745977641&sr=8-6
"Madisi Wood-Cased #2 HB Pencils, Yellow, Pre-sharpened, Bulk Pack, 1000 pencils",B07ZGDX5MT,https://www.amazon.com/Wood-Cased-Pencils-Yellow-Pre-sharpened-pencils/dp/B07ZGDX5MT/ref=sr_1_10?dib=eyJ2IjoiMSJ9.ipF6Nb_jyPvG8pTjlLapGBTa63gFmVMBNNJNBgJPqDWeduIXZvqDUHbsG7bpFkIV8geqv9k8T2Sb43mNcn0m57kP9-r5eeqDbwXmFMOndGILKUlo7-o95bkJ_HHZhqV3oGCsR8Pd0UHNUVbvB3fATcQfReCSLf22Q39knrjXurVhxs5vxSB0W8LikbtEtfBUPbdOafHFPYsUDC1d7LIt-OHOrVuUtani9ddEuvrpifpoP7EYiLL7_qXnfjJH6XeYgfF1vW5s_XPU4MCw9moTHhBxU5fZ1cwXOqKMTu8AcDI.AUk9loDgaGvQNtvrDO8QrW-zcVbx8CpuMjNXd1eMK2Q&dib_tag=se&keywords=Pencil&qid=1745977641&sr=8-10
"Amazon Basics Wood-Cased #2 Pencils, Pre-sharpened, HB Lead Bulk Box, 150 Count, Yellow",,https://www.amazon.com/sspa/click?ie=UTF8&spc=MTo4NDI3MzM2MTY4NzAzNDYxOjE3NDU5Nzc2NDE6c3BfbXRmOjIwMDAxMDUwNTg0NjMzMTo6MDo6&url=%2FAmazonBasics-Pre-sharpened-Wood-Cased-Pencils%2Fdp%2FB071JM699P%2Fref%3Dsr_1_11_ffob_sspa%3Fdib%3DeyJ2IjoiMSJ9.ipF6Nb_jyPvG8pTjlLapGBTa63gFmVMBNNJNBgJPqDWeduIXZvqDUHbsG7bpFkIV8geqv9k8T2Sb43mNcn0m57kP9-r5eeqDbwXmFMOndGILKUlo7-o95bkJ_HHZhqV3oGCsR8Pd0UHNUVbvB3fATcQfReCSLf22Q39knrjXurVhxs5vxSB0W8LikbtEtfBUPbdOafHFPYsUDC1d7LIt-OHOrVuUtani9ddEuvrpifpoP7EYiLL7_qXnfjJH6XeYgfF1vW5s_XPU4MCw9moTHhBxU5fZ1cwXOqKMTu8AcDI.AUk9loDgaGvQNtvrDO8QrW-zcVbx8CpuMjNXd1eMK2Q%26dib_tag%3Dse%26keywords%3DPencil%26qid%3D1745977641%26sr%3D8-11-spons%26sp_csd%3Dd2lkZ2V0TmFtZT1zcF9tdGY%26psc%3D1
"Outus International World Flags Pencils with Erasers - American, France, China, India - Around the World Pencils - Back to School Supplies for Schools - First Day, 4th of July (120 Pcs)",,https://www.amazon.com/sspa/click?ie=UTF8&spc=MTo4NDI3MzM2MTY4NzAzNDYxOjE3NDU5Nzc2NDE6c3BfbXRmOjMwMDY1MzI4Nzg1MDkwMjo6MDo6&url=%2FInternational-American-Supplies-Veterans-Independence%2Fdp%2FB0BW3W7G84%2Fref%3Dsr_1_14_sspa%3Fdib%3DeyJ2IjoiMSJ9.ipF6Nb_jyPvG8pTjlLapGBTa63gFmVMBNNJNBgJPqDWeduIXZvqDUHbsG7bpFkIV8geqv9k8T2Sb43mNcn0m57kP9-r5eeqDbwXmFMOndGILKUlo7-o95bkJ_HHZhqV3oGCsR8Pd0UHNUVbvB3fATcQfReCSLf22Q39knrjXurVhxs5vxSB0W8LikbtEtfBUPbdOafHFPYsUDC1d7LIt-OHOrVuUtani9ddEuvrpifpoP7EYiLL7_qXnfjJH6XeYgfF1vW5s_XPU4MCw9moTHhBxU5fZ1cwXOqKMTu8AcDI.AUk9loDgaGvQNtvrDO8QrW-zcVbx8CpuMjNXd1eMK2Q%26dib_tag%3Dse%26keywords%3DPencil%26qid%3D1745977641%26sr%3D8-14-spons%26sp_csd%3Dd2lkZ2V0TmFtZT1zcF9tdGY%26psc%3D1
"Teling 36 Pcs Small Ballpoint Pen Mini Pens Bulk 4 Inch Short Tiny Small Writing Tool Black Ink for Pocket Notebook Notepads School Office(Gold,Classic Style)",,https://www.amazon.com/sspa/click?ie=UTF8&spc=MTo4NDI3MzM2MTY4NzAzNDYxOjE3NDU5Nzc2NDE6c3BfbXRmOjMwMDAzNjk2NjU0ODIwMjo6MDo6&url=%2FTeling-Ballpoint-Notebook-Signature-Notepads%2Fdp%2FB0CCN4ZTVB%2Fref%3Dsr_1_12_sspa%3Fdib%3DeyJ2IjoiMSJ9.ipF6Nb_jyPvG8pTjlLapGBTa63gFmVMBNNJNBgJPqDWeduIXZvqDUHbsG7bpFkIV8geqv9k8T2Sb43mNcn0m57kP9-r5eeqDbwXmFMOndGILKUlo7-o95bkJ_HHZhqV3oGCsR8Pd0UHNUVbvB3fATcQfReCSLf22Q39knrjXurVhxs5vxSB0W8LikbtEtfBUPbdOafHFPYsUDC1d7LIt-OHOrVuUtani9ddEuvrpifpoP7EYiLL7_qXnfjJH6XeYgfF1vW5s_XPU4MCw9moTHhBxU5fZ1cwXOqKMTu8AcDI.AUk9loDgaGvQNtvrDO8QrW-zcVbx8CpuMjNXd1eMK2Q%26dib_tag%3Dse%26keywords%3DPencil%26qid%3D1745977641%26sr%3D8-12-spons%26sp_csd%3Dd2lkZ2V0TmFtZT1zcF9tdGY%26psc%3D1
"R&DLanci Stocking Stuffers for Kids,12 Colors Rainbow Pencils,Jumbo Colored Pencils for Adult Coloring Sketching,Cute Drawing Kit Fun Pencils Christmas Gift for Adults Kids Students,Pre-sharpened",,https://www.amazon.com/sspa/click?ie=UTF8&spc=MTo4NDI3MzM2MTY4NzAzNDYxOjE3NDU5Nzc2NDE6c3BfbXRmOjMwMDM5Njc5Nzc0NDEwMjo6MDo6&url=%2FDLanci-Stocking-Sketching-Christmas-Pre-sharpened%2Fdp%2FB0D9N3MBPZ%2Fref%3Dsr_1_15_sspa%3Fdib%3DeyJ2IjoiMSJ9.ipF6Nb_jyPvG8pTjlLapGBTa63gFmVMBNNJNBgJPqDWeduIXZvqDUHbsG7bpFkIV8geqv9k8T2Sb43mNcn0m57kP9-r5eeqDbwXmFMOndGILKUlo7-o95bkJ_HHZhqV3oGCsR8Pd0UHNUVbvB3fATcQfReCSLf22Q39knrjXurVhxs5vxSB0W8LikbtEtfBUPbdOafHFPYsUDC1d7LIt-OHOrVuUtani9ddEuvrpifpoP7EYiLL7_qXnfjJH6XeYgfF1vW5s_XPU4MCw9moTHhBxU5fZ1cwXOqKMTu8AcDI.AUk9loDgaGvQNtvrDO8QrW-zcVbx8CpuMjNXd1eMK2Q%26dib_tag%3Dse%26keywords%3DPencil%26qid%3D1745977641%26sr%3D8-15-spons%26sp_csd%3Dd2lkZ2V0TmFtZT1zcF9tdGY%26psc%3D1
"Four Candies 3PCS 1.3mm Mechanical Pencil Set with Case, Metal Heavy Duty Carpenter Pencils with 48 Refill(Red,Black,Yellow) 3Eraser, 12Eraser Refill, Weatherproof Body Outdoor Woodworking Marking",,https://www.amazon.com/sspa/click?ie=UTF8&spc=MTo4NDI3MzM2MTY4NzAzNDYxOjE3NDU5Nzc2NDE6c3BfbXRmOjMwMDE2NjE2OTM4NTIwMjo6MDo6&url=%2FFour-Candies-Mechanical-Weatherproof-Woodworking%2Fdp%2FB0CKMQ2H48%2Fref%3Dsr_1_13_sspa%3Fdib%3DeyJ2IjoiMSJ9.ipF6Nb_jyPvG8pTjlLapGBTa63gFmVMBNNJNBgJPqDWeduIXZvqDUHbsG7bpFkIV8geqv9k8T2Sb43mNcn0m57kP9-r5eeqDbwXmFMOndGILKUlo7-o95bkJ_HHZhqV3oGCsR8Pd0UHNUVbvB3fATcQfReCSLf22Q39knrjXurVhxs5vxSB0W8LikbtEtfBUPbdOafHFPYsUDC1d7LIt-OHOrVuUtani9ddEuvrpifpoP7EYiLL7_qXnfjJH6XeYgfF1vW5s_XPU4MCw9moTHhBxU5fZ1cwXOqKMTu8AcDI.AUk9loDgaGvQNtvrDO8QrW-zcVbx8CpuMjNXd1eMK2Q%26dib_tag%3Dse%26keywords%3DPencil%26qid%3D1745977641%26sr%3D8-13-spons%26sp_csd%3Dd2lkZ2V0TmFtZT1zcF9tdGY%26psc%3D1
"Ticonderoga Wood-Cased Pencils, Pre-Sharpened, 2 HB Soft, Yellow, 72 Count",B079STQWBM,https://www.amazon.com/Ticonderoga-Pre-Sharpened-Pencil-Eraser-Pack/dp/B079STQWBM/ref=sr_1_17?dib=eyJ2IjoiMSJ9.ipF6Nb_jyPvG8pTjlLapGBTa63gFmVMBNNJNBgJPqDWeduIXZvqDUHbsG7bpFkIV8geqv9k8T2Sb43mNcn0m57kP9-r5eeqDbwXmFMOndGILKUlo7-o95bkJ_HHZhqV3oGCsR8Pd0UHNUVbvB3fATcQfReCSLf22Q39knrjXurVhxs5vxSB0W8LikbtEtfBUPbdOafHFPYsUDC1d7LIt-OHOrVuUtani9ddEuvrpifpoP7EYiLL7_qXnfjJH6XeYgfF1vW5s_XPU4MCw9moTHhBxU5fZ1cwXOqKMTu8AcDI.AUk9loDgaGvQNtvrDO8QrW-zcVbx8CpuMjNXd1eMK2Q&dib_tag=se&keywords=Pencil&qid=1745977641&sr=8-17
"Ticonderoga Wood-Cased Pencils, Pre-Sharpened, #2 HB Soft, Yellow, 30 Count",B006CSPZK4,https://www.amazon.com/Ticonderoga-Wood-Cased-Graphite-Pre-Sharpened-13830/dp/B006CSPZK4/ref=sr_1_16?dib=eyJ2IjoiMSJ9.ipF6Nb_jyPvG8pTjlLapGBTa63gFmVMBNNJNBgJPqDWeduIXZvqDUHbsG7bpFkIV8geqv9k8T2Sb43mNcn0m57kP9-r5eeqDbwXmFMOndGILKUlo7-o95bkJ_HHZhqV3oGCsR8Pd0UHNUVbvB3fATcQfReCSLf22Q39knrjXurVhxs5vxSB0W8LikbtEtfBUPbdOafHFPYsUDC1d7LIt-OHOrVuUtani9ddEuvrpifpoP7EYiLL7_qXnfjJH6XeYgfF1vW5s_XPU4MCw9moTHhBxU5fZ1cwXOqKMTu8AcDI.AUk9loDgaGvQNtvrDO8QrW-zcVbx8CpuMjNXd1eMK2Q&dib_tag=se&keywords=Pencil&qid=1745977641&sr=8-16
"Ticonderoga Wood-Cased Pencils, Pre-Sharpened, 2 HB Soft, Yellow, 240 Count",B07RPC47LN,https://www.amazon.com/Ticonderoga-Wood-Cased-Graphite-Pre-Sharpened-14634/dp/B07RPC47LN/ref=sr_1_18?dib=eyJ2IjoiMSJ9.ipF6Nb_jyPvG8pTjlLapGBTa63gFmVMBNNJNBgJPqDWeduIXZvqDUHbsG7bpFkIV8geqv9k8T2Sb43mNcn0m57kP9-r5eeqDbwXmFMOndGILKUlo7-o95bkJ_HHZhqV3oGCsR8Pd0UHNUVbvB3fATcQfReCSLf22Q39knrjXurVhxs5vxSB0W8LikbtEtfBUPbdOafHFPYsUDC1d7LIt-OHOrVuUtani9ddEuvrpifpoP7EYiLL7_qXnfjJH6XeYgfF1vW5s_XPU4MCw9moTHhBxU5fZ1cwXOqKMTu8AcDI.AUk9loDgaGvQNtvrDO8QrW-zcVbx8CpuMjNXd1eMK2Q&dib_tag=se&keywords=Pencil&qid=1745977641&sr=8-18
"Ticonderoga Wood-Cased Pencils, Unsharpened, 2 HB Soft, Yellow, 12 Count",B002EEYT34,https://www.amazon.com/Dixon%C2%AE-Ticonderoga%C2%AE-Pencils-Yellow-Barrel/dp/B002EEYT34/ref=sr_1_19?dib=eyJ2IjoiMSJ9.ipF6Nb_jyPvG8pTjlLapGBTa63gFmVMBNNJNBgJPqDWeduIXZvqDUHbsG7bpFkIV8geqv9k8T2Sb43mNcn0m57kP9-r5eeqDbwXmFMOndGILKUlo7-o95bkJ_HHZhqV3oGCsR8Pd0UHNUVbvB3fATcQfReCSLf22Q39knrjXurVhxs5vxSB0W8LikbtEtfBUPbdOafHFPYsUDC1d7LIt-OHOrVuUtani9ddEuvrpifpoP7EYiLL7_qXnfjJH6XeYgfF1vW5s_XPU4MCw9moTHhBxU5fZ1cwXOqKMTu8AcDI.AUk9loDgaGvQNtvrDO8QrW-zcVbx8CpuMjNXd1eMK2Q&dib_tag=se&keywords=Pencil&qid=1745977641&sr=8-19
"BIC Xtra-Life Mechanical Pencil, Clear Barrel, Medium Point (0.7mm), 10-Count, Packaging May Vary",B00260X7F2,https://www.amazon.com/BIC-Xtra-Life-Mechanical-Pencil-10-Count/dp/B00260X7F2/ref=sr_1_20?dib=eyJ2IjoiMSJ9.ipF6Nb_jyPvG8pTjlLapGBTa63gFmVMBNNJNBgJPqDWeduIXZvqDUHbsG7bpFkIV8geqv9k8T2Sb43mNcn0m57kP9-r5eeqDbwXmFMOndGILKUlo7-o95bkJ_HHZhqV3oGCsR8Pd0UHNUVbvB3fATcQfReCSLf22Q39knrjXurVhxs5vxSB0W8LikbtEtfBUPbdOafHFPYsUDC1d7LIt-OHOrVuUtani9ddEuvrpifpoP7EYiLL7_qXnfjJH6XeYgfF1vW5s_XPU4MCw9moTHhBxU5fZ1cwXOqKMTu8AcDI.AUk9loDgaGvQNtvrDO8QrW-zcVbx8CpuMjNXd1eMK2Q&dib_tag=se&keywords=Pencil&qid=1745977641&sr=8-20
"Chinco 300 Pcs Wooden Pencil with Eraser Assortment Colorful Pencils for Kids Writing Fun Assorted Novelty Kids Fun School Supplies for Classroom, Student Reward, Party Favor",,https://www.amazon.com/sspa/click?ie=UTF8&spc=MTo4NDI3MzM2MTY4NzAzNDYxOjE3NDU5Nzc2NDE6c3BfbXRmOjIwMDE3NjM2ODkwMjk5ODo6MDo6&url=%2FAssortment-Colorful-Assorted-Classroom-Stationery%2Fdp%2FB0BB7GN5GF%2Fref%3Dsr_1_21_sspa%3Fdib%3DeyJ2IjoiMSJ9.ipF6Nb_jyPvG8pTjlLapGBTa63gFmVMBNNJNBgJPqDWeduIXZvqDUHbsG7bpFkIV8geqv9k8T2Sb43mNcn0m57kP9-r5eeqDbwXmFMOndGILKUlo7-o95bkJ_HHZhqV3oGCsR8Pd0UHNUVbvB3fATcQfReCSLf22Q39knrjXurVhxs5vxSB0W8LikbtEtfBUPbdOafHFPYsUDC1d7LIt-OHOrVuUtani9ddEuvrpifpoP7EYiLL7_qXnfjJH6XeYgfF1vW5s_XPU4MCw9moTHhBxU5fZ1cwXOqKMTu8AcDI.AUk9loDgaGvQNtvrDO8QrW-zcVbx8CpuMjNXd1eMK2Q%26dib_tag%3Dse%26keywords%3DPencil%26qid%3D1745977641%26sr%3D8-21-spons%26sp_csd%3Dd2lkZ2V0TmFtZT1zcF9tdGY%26psc%3D1
"Yansanido 40 Pcs Colorful 7.28 Inch Length Random Cartoon Eraser Pencils, Cute Pencils for Office, School Supplies Students Children Gift (40)",,https://www.amazon.com/sspa/click?ie=UTF8&spc=MTo4NDI3MzM2MTY4NzAzNDYxOjE3NDU5Nzc2NDE6c3BfbXRmOjIwMDA2MzEzMzgwMjc5ODo6MDo6&url=%2FColorful-Supplies-Students-Children-Yansanido%2Fdp%2FB0721WQBY5%2Fref%3Dsr_1_22_sspa%3Fdib%3DeyJ2IjoiMSJ9.ipF6Nb_jyPvG8pTjlLapGBTa63gFmVMBNNJNBgJPqDWeduIXZvqDUHbsG7bpFkIV8geqv9k8T2Sb43mNcn0m57kP9-r5eeqDbwXmFMOndGILKUlo7-o95bkJ_HHZhqV3oGCsR8Pd0UHNUVbvB3fATcQfReCSLf22Q39knrjXurVhxs5vxSB0W8LikbtEtfBUPbdOafHFPYsUDC1d7LIt-OHOrVuUtani9ddEuvrpifpoP7EYiLL7_qXnfjJH6XeYgfF1vW5s_XPU4MCw9moTHhBxU5fZ1cwXOqKMTu8AcDI.AUk9loDgaGvQNtvrDO8QrW-zcVbx8CpuMjNXd1eMK2Q%26dib_tag%3Dse%26keywords%3DPencil%26qid%3D1745977641%26sr%3D8-22-spons%26sp_csd%3Dd2lkZ2V0TmFtZT1zcF9tdGY%26psc%3D1
"Sketch Pencils for Drawing,34 Pcs,Graphite Pencil (14B-4H), Charcoal Pencil,With Graphite Sticks, Erasers and Sharpener, Art Pencils for Sketching,Artist Set for Beginners and Professionals",,https://www.amazon.com/sspa/click?ie=UTF8&spc=MTo4NDI3MzM2MTY4NzAzNDYxOjE3NDU5Nzc2NDE6c3BfbXRmOjMwMDQ3MzM0MTg2NjQwMjo6MDo6&url=%2FDrawing-Sketching-Pencils-Pieces-Pencil%2Fdp%2FB0DBLXW7XM%2Fref%3Dsr_1_23_sspa%3Fdib%3DeyJ2IjoiMSJ9.ipF6Nb_jyPvG8pTjlLapGBTa63gFmVMBNNJNBgJPqDWeduIXZvqDUHbsG7bpFkIV8geqv9k8T2Sb43mNcn0m57kP9-r5eeqDbwXmFMOndGILKUlo7-o95bkJ_HHZhqV3oGCsR8Pd0UHNUVbvB3fATcQfReCSLf22Q39knrjXurVhxs5vxSB0W8LikbtEtfBUPbdOafHFPYsUDC1d7LIt-OHOrVuUtani9ddEuvrpifpoP7EYiLL7_qXnfjJH6XeYgfF1vW5s_XPU4MCw9moTHhBxU5fZ1cwXOqKMTu8AcDI.AUk9loDgaGvQNtvrDO8QrW-zcVbx8CpuMjNXd1eMK2Q%26dib_tag%3Dse%26keywords%3DPencil%26qid%3D1745977641%26sr%3D8-23-spons%26sp_csd%3Dd2lkZ2V0TmFtZT1zcF9tdGY%26psc%3D1
"Shuttle Art Wood-Cased #2 HB Pencils, 180 Pack Sharpened Yellow Pencil with Erasers, Bulk Pack Graphite Pencils for School and Teacher Supplies, Writing, Drawing and Sketching",,https://www.amazon.com/sspa/click?ie=UTF8&spc=MTo4NDI3MzM2MTY4NzAzNDYxOjE3NDU5Nzc2NDE6c3BfbXRmOjMwMDI1OTg5Mzc1NDkwMjo6MDo6&url=%2FShuttle-Art-Wood-Cased-180-Sharpened%2Fdp%2FB0D1KBT1CV%2Fref%3Dsr_1_24_sspa%3Fdib%3DeyJ2IjoiMSJ9.ipF6Nb_jyPvG8pTjlLapGBTa63gFmVMBNNJNBgJPqDWeduIXZvqDUHbsG7bpFkIV8geqv9k8T2Sb43mNcn0m57kP9-r5eeqDbwXmFMOndGILKUlo7-o95bkJ_HHZhqV3oGCsR8Pd0UHNUVbvB3fATcQfReCSLf22Q39knrjXurVhxs5vxSB0W8LikbtEtfBUPbdOafHFPYsUDC1d7LIt-OHOrVuUtani9ddEuvrpifpoP7EYiLL7_qXnfjJH6XeYgfF1vW5s_XPU4MCw9moTHhBxU5fZ1cwXOqKMTu8AcDI.AUk9loDgaGvQNtvrDO8QrW-zcVbx8CpuMjNXd1eMK2Q%26dib_tag%3Dse%26keywords%3DPencil%26qid%3D1745977641%26sr%3D8-24-spons%26sp_csd%3Dd2lkZ2V0TmFtZT1zcF9tdGY%26psc%3D1%26smid%3DA4YKSJ25VQ2PM
"Amazon Basics Woodcased Classroom #2 Pencils with Erasers, Pre-sharpened, HB Lead, Value Pack of 30 count, Orange",,https://www.amazon.com/sspa/click?ie=UTF8&spc=MTo1NzU4ODU3MzM1ODg5NjU3OjE3NDU5NzgwODg6c3BfYXRmOjIwMDAxMDUwOTM1NzUzMTo6MDo6&url=%2FAmazonBasics-Pre-sharpened-Wood-Cased-Pencils%2Fdp%2FB071JM699B%2Fref%3Dsr_1_1_ffob_sspa%3Fdib%3DeyJ2IjoiMSJ9.ipF6Nb_jyPvG8pTjlLapGBTa63gFmVMBNNJNBgJPqDWeduIXZvqDUHbsG7bpFkIV8geqv9k8T2Sb43mNcn0m57kP9-r5eeqDbwXmFMOndGILKUlo7-o95bkJ_HHZhqV3oGCsR8Pd0UHNUVbvB3fATcQfReCSLf22Q39knrjXurVhxs5vxSB0W8LikbtEtfBUPbdOafHFPYsUDC1d7LIt-OHOrVuUtani9ddEuvrpifpwY7E576axCRzQmWwxMvXxu4tbbCqq1en6gNZM8RF_8BBxU5fZ1cwXOqKMTu8AcDI.6u_AE2sh_V-XXaUHmeYeMWv-qkcOVcmNY_pClzlNW3M%26dib_tag%3Dse%26keywords%3DPencil%26qid%3D1745978088%26sr%3D8-1-spons%26sp_csd%3Dd2lkZ2V0TmFtZT1zcF9hdGY%26psc%3D1
"S & E TEACHER'S EDITION 360pcs Pre-sharpened Pencils with eraser top, No.2 pencils #2 HB pencil, Golf, Classroom, Pew, 360 counts per box",,https://www.amazon.com/sspa/click?ie=UTF8&spc=MTo1NzU4ODU3MzM1ODg5NjU3OjE3NDU5NzgwODg6c3BfYXRmOjMwMDA5MTU5NjA0ODkwMjo6MDo6&url=%2FTEACHERS-Pre-sharpened-Pencils-pencils-Classroom%2Fdp%2FB0CJNSGF9S%2Fref%3Dsr_1_4_sspa%3Fdib%3DeyJ2IjoiMSJ9.ipF6Nb_jyPvG8pTjlLapGBTa63gFmVMBNNJNBgJPqDWeduIXZvqDUHbsG7bpFkIV8geqv9k8T2Sb43mNcn0m57kP9-r5eeqDbwXmFMOndGILKUlo7-o95bkJ_HHZhqV3oGCsR8Pd0UHNUVbvB3fATcQfReCSLf22Q39knrjXurVhxs5vxSB0W8LikbtEtfBUPbdOafHFPYsUDC1d7LIt-OHOrVuUtani9ddEuvrpifpwY7E576axCRzQmWwxMvXxu4tbbCqq1en6gNZM8RF_8BBxU5fZ1cwXOqKMTu8AcDI.6u_AE2sh_V-XXaUHmeYeMWv-qkcOVcmNY_pClzlNW3M%26dib_tag%3Dse%26keywords%3DPencil%26qid%3D1745978088%26sr%3D8-4-spons%26sp_csd%3Dd2lkZ2V0TmFtZT1zcF9hdGY%26psc%3D1
"576 Count Bulk Pack Pencils Pre-sharpened with Erasers Bulk Yellow Pencils for School Teacher Supplies, No. 2 HB Pencils for Writing Drawing Sketching, Kids Party Favors (4 Boxes of 144)",,https://www.amazon.com/sspa/click?ie=UTF8&spc=MTo1NzU4ODU3MzM1ODg5NjU3OjE3NDU5NzgwODg6c3BfYXRmOjMwMDE2OTkwMzA0ODEwMjo6MDo6&url=%2FPencils-Pre-sharpened-Boxes-Improved-Eraser%2Fdp%2FB01C4JIZUQ%2Fref%3Dsr_1_5_sspa%3Fdib%3DeyJ2IjoiMSJ9.ipF6Nb_jyPvG8pTjlLapGBTa63gFmVMBNNJNBgJPqDWeduIXZvqDUHbsG7bpFkIV8geqv9k8T2Sb43mNcn0m57kP9-r5eeqDbwXmFMOndGILKUlo7-o95bkJ_HHZhqV3oGCsR8Pd0UHNUVbvB3fATcQfReCSLf22Q39knrjXurVhxs5vxSB0W8LikbtEtfBUPbdOafHFPYsUDC1d7LIt-OHOrVuUtani9ddEuvrpifpwY7E576axCRzQmWwxMvXxu4tbbCqq1en6gNZM8RF_8BBxU5fZ1cwXOqKMTu8AcDI.6u_AE2sh_V-XXaUHmeYeMWv-qkcOVcmNY_pClzlNW3M%26dib_tag%3Dse%26keywords%3DPencil%26qid%3D1745978088%26sr%3D8-5-spons%26sp_csd%3Dd2lkZ2V0TmFtZT1zcF9hdGY%26psc%3D1
"Pencils Bulk, 365 Pack, Pre Sharpened #2, Pencils for Kids, Easy Hold Grip With Erasers On Top, Sharpened #2 HB for Effortless Writing, Perfect for Classroom Use and Back to School Supplies",,https://www.amazon.com/sspa/click?ie=UTF8&spc=MTo1NzU4ODU3MzM1ODg5NjU3OjE3NDU5NzgwODg6c3BfYXRmOjMwMDYxODc2NjU0MDkwMjo6MDo6&url=%2FRosmonde-Sharpened-Effortless-Classroom-Supplies%2Fdp%2FB0DLKGFV62%2Fref%3Dsr_1_2_sspa%3Fdib%3DeyJ2IjoiMSJ9.ipF6Nb_jyPvG8pTjlLapGBTa63gFmVMBNNJNBgJPqDWeduIXZvqDUHbsG7bpFkIV8geqv9k8T2Sb43mNcn0m57kP9-r5eeqDbwXmFMOndGILKUlo7-o95bkJ_HHZhqV3oGCsR8Pd0UHNUVbvB3fATcQfReCSLf22Q39knrjXurVhxs5vxSB0W8LikbtEtfBUPbdOafHFPYsUDC1d7LIt-OHOrVuUtani9ddEuvrpifpwY7E576axCRzQmWwxMvXxu4tbbCqq1en6gNZM8RF_8BBxU5fZ1cwXOqKMTu8AcDI.6u_AE2sh_V-XXaUHmeYeMWv-qkcOVcmNY_pClzlNW3M%26dib_tag%3Dse%26keywords%3DPencil%26qid%3D1745978088%26sr%3D8-2-spons%26sp_csd%3Dd2lkZ2V0TmFtZT1zcF9hdGY%26psc%3D1
"Shuttle Art Wood-Cased #2 HB Pencils, 350 Pack Sharpened Yellow Pencils with Erasers, Bulk Pack Graphite Pencils for School and Teacher Supplies, Writing, Drawing and Sketching",,https://www.amazon.com/sspa/click?ie=UTF8&spc=MTo1NzU4ODU3MzM1ODg5NjU3OjE3NDU5NzgwODg6c3BfYXRmOjIwMDAyNTE5MTY0MDM1MTo6MDo6&url=%2FWood-Cased-Shuttle-Art-Sharpened-Sketching%2Fdp%2FB0891SSBJT%2Fref%3Dsr_1_3_sspa%3Fdib%3DeyJ2IjoiMSJ9.ipF6Nb_jyPvG8pTjlLapGBTa63gFmVMBNNJNBgJPqDWeduIXZvqDUHbsG7bpFkIV8geqv9k8T2Sb43mNcn0m57kP9-r5eeqDbwXmFMOndGILKUlo7-o95bkJ_HHZhqV3oGCsR8Pd0UHNUVbvB3fATcQfReCSLf22Q39knrjXurVhxs5vxSB0W8LikbtEtfBUPbdOafHFPYsUDC1d7LIt-OHOrVuUtani9ddEuvrpifpwY7E576axCRzQmWwxMvXxu4tbbCqq1en6gNZM8RF_8BBxU5fZ1cwXOqKMTu8AcDI.6u_AE2sh_V-XXaUHmeYeMWv-qkcOVcmNY_pClzlNW3M%26dib_tag%3Dse%26keywords%3DPencil%26qid%3D1745978088%26sr%3D8-3-spons%26sp_csd%3Dd2lkZ2V0TmFtZT1zcF9hdGY%26psc%3D1
"Madisi Wood-Cased #2 HB Pencils, Yellow, Pre-sharpened, Bulk Pack, 576 pencils in box",,https://www.amazon.com/Wood-Cased-Pencils-Pre-sharpened-pencils-Madisi/dp/B07NW9N6W5/ref=sr_1_7?dib=eyJ2IjoiMSJ9.ipF6Nb_jyPvG8pTjlLapGBTa63gFmVMBNNJNBgJPqDWeduIXZvqDUHbsG7bpFkIV8geqv9k8T2Sb43mNcn0m57kP9-r5eeqDbwXmFMOndGILKUlo7-o95bkJ_HHZhqV3oGCsR8Pd0UHNUVbvB3fATcQfReCSLf22Q39knrjXurVhxs5vxSB0W8LikbtEtfBUPbdOafHFPYsUDC1d7LIt-OHOrVuUtani9ddEuvrpifpwY7E576axCRzQmWwxMvXxu4tbbCqq1en6gNZM8RF_8BBxU5fZ1cwXOqKMTu8AcDI.6u_AE2sh_V-XXaUHmeYeMWv-qkcOVcmNY_pClzlNW3M&dib_tag=se&keywords=Pencil&qid=1745978088&sr=8-7
"Amazon Basics Wood-Cased #2 Pencils, Pre-sharpened, HB Lead Bulk Box, 150 Count, Yellow",,https://www.amazon.com/AmazonBasics-Pre-sharpened-Wood-Cased-Pencils/dp/B071JM699P/ref=sr_1_6?dib=eyJ2IjoiMSJ9.ipF6Nb_jyPvG8pTjlLapGBTa63gFmVMBNNJNBgJPqDWeduIXZvqDUHbsG7bpFkIV8geqv9k8T2Sb43mNcn0m57kP9-r5eeqDbwXmFMOndGILKUlo7-o95bkJ_HHZhqV3oGCsR8Pd0UHNUVbvB3fATcQfReCSLf22Q39knrjXurVhxs5vxSB0W8LikbtEtfBUPbdOafHFPYsUDC1d7LIt-OHOrVuUtani9ddEuvrpifpwY7E576axCRzQmWwxMvXxu4tbbCqq1en6gNZM8RF_8BBxU5fZ1cwXOqKMTu8AcDI.6u_AE2sh_V-XXaUHmeYeMWv-qkcOVcmNY_pClzlNW3M&dib_tag=se&keywords=Pencil&qid=1745978088&sr=8-6
"Amazon Basics Woodcased Classroom #2 Pencils with Erasers, Pre-sharpened, HB Lead, Value Pack of 30 count, Orange",,https://www.amazon.com/AmazonBasics-Pre-sharpened-Wood-Cased-Pencils/dp/B071JM699B/ref=sr_1_8?dib=eyJ2IjoiMSJ9.ipF6Nb_jyPvG8pTjlLapGBTa63gFmVMBNNJNBgJPqDWeduIXZvqDUHbsG7bpFkIV8geqv9k8T2Sb43mNcn0m57kP9-r5eeqDbwXmFMOndGILKUlo7-o95bkJ_HHZhqV3oGCsR8Pd0UHNUVbvB3fATcQfReCSLf22Q39knrjXurVhxs5vxSB0W8LikbtEtfBUPbdOafHFPYsUDC1d7LIt-OHOrVuUtani9ddEuvrpifpwY7E576axCRzQmWwxMvXxu4tbbCqq1en6gNZM8RF_8BBxU5fZ1cwXOqKMTu8AcDI.6u_AE2sh_V-XXaUHmeYeMWv-qkcOVcmNY_pClzlNW3M&dib_tag=se&keywords=Pencil&qid=1745978088&sr=8-8
"Wood-Cased #2 HB Pencils, Pre-sharpened, 360 Count Bulk Pack",,https://www.amazon.com/Rarlan-Wood-Cased-Pencils-Pre-sharpened-Count/dp/B0CFQJ9834/ref=sr_1_9?dib=eyJ2IjoiMSJ9.ipF6Nb_jyPvG8pTjlLapGBTa63gFmVMBNNJNBgJPqDWeduIXZvqDUHbsG7bpFkIV8geqv9k8T2Sb43mNcn0m57kP9-r5eeqDbwXmFMOndGILKUlo7-o95bkJ_HHZhqV3oGCsR8Pd0UHNUVbvB3fATcQfReCSLf22Q39knrjXurVhxs5vxSB0W8LikbtEtfBUPbdOafHFPYsUDC1d7LIt-OHOrVuUtani9ddEuvrpifpwY7E576axCRzQmWwxMvXxu4tbbCqq1en6gNZM8RF_8BBxU5fZ1cwXOqKMTu8AcDI.6u_AE2sh_V-XXaUHmeYeMWv-qkcOVcmNY_pClzlNW3M&dib_tag=se&keywords=Pencil&qid=1745978088&sr=8-9
"Madisi Wood-Cased #2 HB Pencils, Yellow, Pre-sharpened, Bulk Pack, 1000 pencils",,https://www.amazon.com/Wood-Cased-Pencils-Yellow-Pre-sharpened-pencils/dp/B07ZGDX5MT/ref=sr_1_10?dib=eyJ2IjoiMSJ9.ipF6Nb_jyPvG8pTjlLapGBTa63gFmVMBNNJNBgJPqDWeduIXZvqDUHbsG7bpFkIV8geqv9k8T2Sb43mNcn0m57kP9-r5eeqDbwXmFMOndGILKUlo7-o95bkJ_HHZhqV3oGCsR8Pd0UHNUVbvB3fATcQfReCSLf22Q39knrjXurVhxs5vxSB0W8LikbtEtfBUPbdOafHFPYsUDC1d7LIt-OHOrVuUtani9ddEuvrpifpwY7E576axCRzQmWwxMvXxu4tbbCqq1en6gNZM8RF_8BBxU5fZ1cwXOqKMTu8AcDI.6u_AE2sh_V-XXaUHmeYeMWv-qkcOVcmNY_pClzlNW3M&dib_tag=se&keywords=Pencil&qid=1745978088&sr=8-10
"576 Count Bulk Pack Pencils Pre-sharpened with Erasers Bulk Yellow Pencils for School Teacher Supplies, No. 2 HB Pencils for Writing Drawing Sketching, Kids Party Favors (4 Boxes of 144)",,https://www.amazon.com/sspa/click?ie=UTF8&spc=MToxOTI5NTEwNDUzODg5MTk2OjE3NDU5Nzk3OTk6c3BfYXRmOjMwMDE2OTkwMzA0ODEwMjo6MDo6&url=%2FPencils-Pre-sharpened-Boxes-Improved-Eraser%2Fdp%2FB01C4JIZUQ%2Fref%3Dsr_1_3_sspa%3Fdib%3DeyJ2IjoiMSJ9.ipF6Nb_jyPvG8pTjlLapGBTa63gFmVMBNNJNBgJPqDWeduIXZvqDUHbsG7bpFkIV8geqv9k8T2Sb43mNcn0m57kP9-r5eeqDbwXmFMOndGILKUlo7-o95bkJ_HHZhqV3oGCsR8Pd0UHNUVbvB3fATcQfReCSLf22Q39knrjXurVhxs5vxSB0W8LikbtEtfBUPbdOafHFPYsUDC1d7LIt-OHOrVuUtani9ddEuvrpifpoP7EYiLL7_qXnfjJH6XeYgfF1vW5s_XPU4MCw9moTHhBxU5fZ1cwXOqKMTu8AcDI.AUk9loDgaGvQNtvrDO8QrW-zcVbx8CpuMjNXd1eMK2Q%26dib_tag%3Dse%26keywords%3DPencil%26qid%3D1745979799%26sr%3D8-3-spons%26sp_csd%3Dd2lkZ2V0TmFtZT1zcF9hdGY%26psc%3D1
"S & E TEACHER'S EDITION 360pcs Pre-sharpened Pencils with eraser top, No.2 pencils #2 HB pencil, Golf, Classroom, Pew, 360 counts per box",,https://www.amazon.com/sspa/click?ie=UTF8&spc=MToxOTI5NTEwNDUzODg5MTk2OjE3NDU5Nzk3OTk6c3BfYXRmOjMwMDA5MTU5NjA0ODkwMjo6MDo6&url=%2FTEACHERS-Pre-sharpened-Pencils-pencils-Classroom%2Fdp%2FB0CJNSGF9S%2Fref%3Dsr_1_2_sspa%3Fdib%3DeyJ2IjoiMSJ9.ipF6Nb_jyPvG8pTjlLapGBTa63gFmVMBNNJNBgJPqDWeduIXZvqDUHbsG7bpFkIV8geqv9k8T2Sb43mNcn0m57kP9-r5eeqDbwXmFMOndGILKUlo7-o95bkJ_HHZhqV3oGCsR8Pd0UHNUVbvB3fATcQfReCSLf22Q39knrjXurVhxs5vxSB0W8LikbtEtfBUPbdOafHFPYsUDC1d7LIt-OHOrVuUtani9ddEuvrpifpoP7EYiLL7_qXnfjJH6XeYgfF1vW5s_XPU4MCw9moTHhBxU5fZ1cwXOqKMTu8AcDI.AUk9loDgaGvQNtvrDO8QrW-zcVbx8CpuMjNXd1eMK2Q%26dib_tag%3Dse%26keywords%3DPencil%26qid%3D1745979799%26sr%3D8-2-spons%26sp_csd%3Dd2lkZ2V0TmFtZT1zcF9hdGY%26psc%3D1
"Pencils Bulk, 365 Pack, Pre Sharpened #2, Pencils for Kids, Easy Hold Grip With Erasers On Top, Sharpened #2 HB for Effortless Writing, Perfect for Classroom Use and Back to School Supplies",,https://www.amazon.com/sspa/click?ie=UTF8&spc=MToxOTI5NTEwNDUzODg5MTk2OjE3NDU5Nzk3OTk6c3BfYXRmOjMwMDYxODc2NjU0MDkwMjo6MDo6&url=%2FRosmonde-Sharpened-Effortless-Classroom-Supplies%2Fdp%2FB0DLKGFV62%2Fref%3Dsr_1_1_sspa%3Fdib%3DeyJ2IjoiMSJ9.ipF6Nb_jyPvG8pTjlLapGBTa63gFmVMBNNJNBgJPqDWeduIXZvqDUHbsG7bpFkIV8geqv9k8T2Sb43mNcn0m57kP9-r5eeqDbwXmFMOndGILKUlo7-o95bkJ_HHZhqV3oGCsR8Pd0UHNUVbvB3fATcQfReCSLf22Q39knrjXurVhxs5vxSB0W8LikbtEtfBUPbdOafHFPYsUDC1d7LIt-OHOrVuUtani9ddEuvrpifpoP7EYiLL7_qXnfjJH6XeYgfF1vW5s_XPU4MCw9moTHhBxU5fZ1cwXOqKMTu8AcDI.AUk9loDgaGvQNtvrDO8QrW-zcVbx8CpuMjNXd1eMK2Q%26dib_tag%3Dse%26keywords%3DPencil%26qid%3D1745979799%26sr%3D8-1-spons%26sp_csd%3Dd2lkZ2V0TmFtZT1zcF9hdGY%26psc%3D1
"S & E TEACHER'S EDITION Woodcased #2 Pencils, Pre-sharpened, 2 HB Lead, Yellow with Erasers, 200 Pcs",,https://www.amazon.com/sspa/click?ie=UTF8&spc=MToxOTI5NTEwNDUzODg5MTk2OjE3NDU5Nzk3OTk6c3BfYXRmOjMwMDQyNTEyNDc4MDEwMjo6MDo6&url=%2FTEACHERS-Woodcased-Pencils-Pre-sharpened-Erasers%2Fdp%2FB0CY4WKG5J%2Fref%3Dsr_1_5_sspa%3Fdib%3DeyJ2IjoiMSJ9.ipF6Nb_jyPvG8pTjlLapGBTa63gFmVMBNNJNBgJPqDWeduIXZvqDUHbsG7bpFkIV8geqv9k8T2Sb43mNcn0m57kP9-r5eeqDbwXmFMOndGILKUlo7-o95bkJ_HHZhqV3oGCsR8Pd0UHNUVbvB3fATcQfReCSLf22Q39knrjXurVhxs5vxSB0W8LikbtEtfBUPbdOafHFPYsUDC1d7LIt-OHOrVuUtani9ddEuvrpifpoP7EYiLL7_qXnfjJH6XeYgfF1vW5s_XPU4MCw9moTHhBxU5fZ1cwXOqKMTu8AcDI.AUk9loDgaGvQNtvrDO8QrW-zcVbx8CpuMjNXd1eMK2Q%26dib_tag%3Dse%26keywords%3DPencil%26qid%3D1745979799%26sr%3D8-5-spons%26sp_csd%3Dd2lkZ2V0TmFtZT1zcF9hdGY%26psc%3D1
"Shuttle Art Wood-Cased #2 HB Pencils, 350 Pack Sharpened Yellow Pencils with Erasers, Bulk Pack Graphite Pencils for School and Teacher Supplies, Writing, Drawing and Sketching",,https://www.amazon.com/sspa/click?ie=UTF8&spc=MToxOTI5NTEwNDUzODg5MTk2OjE3NDU5Nzk3OTk6c3BfYXRmOjIwMDAyNTE5MTY0MDM1MTo6MDo6&url=%2FWood-Cased-Shuttle-Art-Sharpened-Sketching%2Fdp%2FB0891SSBJT%2Fref%3Dsr_1_4_sspa%3Fdib%3DeyJ2IjoiMSJ9.ipF6Nb_jyPvG8pTjlLapGBTa63gFmVMBNNJNBgJPqDWeduIXZvqDUHbsG7bpFkIV8geqv9k8T2Sb43mNcn0m57kP9-r5eeqDbwXmFMOndGILKUlo7-o95bkJ_HHZhqV3oGCsR8Pd0UHNUVbvB3fATcQfReCSLf22Q39knrjXurVhxs5vxSB0W8LikbtEtfBUPbdOafHFPYsUDC1d7LIt-OHOrVuUtani9ddEuvrpifpoP7EYiLL7_qXnfjJH6XeYgfF1vW5s_XPU4MCw9moTHhBxU5fZ1cwXOqKMTu8AcDI.AUk9loDgaGvQNtvrDO8QrW-zcVbx8CpuMjNXd1eMK2Q%26dib_tag%3Dse%26keywords%3DPencil%26qid%3D1745979799%26sr%3D8-4-spons%26sp_csd%3Dd2lkZ2V0TmFtZT1zcF9hdGY%26psc%3D1
"Madisi Wood-Cased #2 HB Pencils, Yellow, Pre-sharpened, Bulk Pack, 576 pencils in box",,https://www.amazon.com/Wood-Cased-Pencils-Pre-sharpened-pencils-Madisi/dp/B07NW9N6W5/ref=sr_1_7?dib=eyJ2IjoiMSJ9.ipF6Nb_jyPvG8pTjlLapGBTa63gFmVMBNNJNBgJPqDWeduIXZvqDUHbsG7bpFkIV8geqv9k8T2Sb43mNcn0m57kP9-r5eeqDbwXmFMOndGILKUlo7-o95bkJ_HHZhqV3oGCsR8Pd0UHNUVbvB3fATcQfReCSLf22Q39knrjXurVhxs5vxSB0W8LikbtEtfBUPbdOafHFPYsUDC1d7LIt-OHOrVuUtani9ddEuvrpifpoP7EYiLL7_qXnfjJH6XeYgfF1vW5s_XPU4MCw9moTHhBxU5fZ1cwXOqKMTu8AcDI.AUk9loDgaGvQNtvrDO8QrW-zcVbx8CpuMjNXd1eMK2Q&dib_tag=se&keywords=Pencil&qid=1745979799&sr=8-7
"Wood-Cased #2 HB Pencils, Pre-sharpened, 360 Count Bulk Pack",,https://www.amazon.com/Rarlan-Wood-Cased-Pencils-Pre-sharpened-Count/dp/B0CFQJ9834/ref=sr_1_9?dib=eyJ2IjoiMSJ9.ipF6Nb_jyPvG8pTjlLapGBTa63gFmVMBNNJNBgJPqDWeduIXZvqDUHbsG7bpFkIV8geqv9k8T2Sb43mNcn0m57kP9-r5eeqDbwXmFMOndGILKUlo7-o95bkJ_HHZhqV3oGCsR8Pd0UHNUVbvB3fATcQfReCSLf22Q39knrjXurVhxs5vxSB0W8LikbtEtfBUPbdOafHFPYsUDC1d7LIt-OHOrVuUtani9ddEuvrpifpoP7EYiLL7_qXnfjJH6XeYgfF1vW5s_XPU4MCw9moTHhBxU5fZ1cwXOqKMTu8AcDI.AUk9loDgaGvQNtvrDO8QrW-zcVbx8CpuMjNXd1eMK2Q&dib_tag=se&keywords=Pencil&qid=1745979799&sr=8-9
"Amazon Basics Woodcased Classroom #2 Pencils with Erasers, Pre-sharpened, HB Lead, Value Pack of 30 count, Orange",,https://www.amazon.com/AmazonBasics-Pre-sharpened-Wood-Cased-Pencils/dp/B071JM699B/ref=sr_1_8?dib=eyJ2IjoiMSJ9.ipF6Nb_jyPvG8pTjlLapGBTa63gFmVMBNNJNBgJPqDWeduIXZvqDUHbsG7bpFkIV8geqv9k8T2Sb43mNcn0m57kP9-r5eeqDbwXmFMOndGILKUlo7-o95bkJ_HHZhqV3oGCsR8Pd0UHNUVbvB3fATcQfReCSLf22Q39knrjXurVhxs5vxSB0W8LikbtEtfBUPbdOafHFPYsUDC1d7LIt-OHOrVuUtani9ddEuvrpifpoP7EYiLL7_qXnfjJH6XeYgfF1vW5s_XPU4MCw9moTHhBxU5fZ1cwXOqKMTu8AcDI.AUk9loDgaGvQNtvrDO8QrW-zcVbx8CpuMjNXd1eMK2Q&dib_tag=se&keywords=Pencil&qid=1745979799&sr=8-8
"Amazon Basics Wood-Cased #2 Pencils, Pre-sharpened, HB Lead Bulk Box, 150 Count, Yellow",,https://www.amazon.com/AmazonBasics-Pre-sharpened-Wood-Cased-Pencils/dp/B071JM699P/ref=sr_1_6?dib=eyJ2IjoiMSJ9.ipF6Nb_jyPvG8pTjlLapGBTa63gFmVMBNNJNBgJPqDWeduIXZvqDUHbsG7bpFkIV8geqv9k8T2Sb43mNcn0m57kP9-r5eeqDbwXmFMOndGILKUlo7-o95bkJ_HHZhqV3oGCsR8Pd0UHNUVbvB3fATcQfReCSLf22Q39knrjXurVhxs5vxSB0W8LikbtEtfBUPbdOafHFPYsUDC1d7LIt-OHOrVuUtani9ddEuvrpifpoP7EYiLL7_qXnfjJH6XeYgfF1vW5s_XPU4MCw9moTHhBxU5fZ1cwXOqKMTu8AcDI.AUk9loDgaGvQNtvrDO8QrW-zcVbx8CpuMjNXd1eMK2Q&dib_tag=se&keywords=Pencil&qid=1745979799&sr=8-6
"Madisi Wood-Cased #2 HB Pencils, Yellow, Pre-sharpened, Bulk Pack, 1000 pencils",,https://www.amazon.com/Wood-Cased-Pencils-Yellow-Pre-sharpened-pencils/dp/B07ZGDX5MT/ref=sr_1_10?dib=eyJ2IjoiMSJ9.ipF6Nb_jyPvG8pTjlLapGBTa63gFmVMBNNJNBgJPqDWeduIXZvqDUHbsG7bpFkIV8geqv9k8T2Sb43mNcn0m57kP9-r5eeqDbwXmFMOndGILKUlo7-o95bkJ_HHZhqV3oGCsR8Pd0UHNUVbvB3fATcQfReCSLf22Q39knrjXurVhxs5vxSB0W8LikbtEtfBUPbdOafHFPYsUDC1d7LIt-OHOrVuUtani9ddEuvrpifpoP7EYiLL7_qXnfjJH6XeYgfF1vW5s_XPU4MCw9moTHhBxU5fZ1cwXOqKMTu8AcDI.AUk9loDgaGvQNtvrDO8QrW-zcVbx8CpuMjNXd1eMK2Q&dib_tag=se&keywords=Pencil&qid=1745979799&sr=8-10
"Amazon Basics Wood-Cased #2 Pencils, Pre-sharpened, HB Lead Bulk Box, 150 Count, Yellow",,https://www.amazon.com/sspa/click?ie=UTF8&spc=MToxOTI5NTEwNDUzODg5MTk2OjE3NDU5Nzk3OTk6c3BfbXRmOjIwMDAxMDUwNTg0NjMzMTo6MDo6&url=%2FAmazonBasics-Pre-sharpened-Wood-Cased-Pencils%2Fdp%2FB071JM699P%2Fref%3Dsr_1_11_ffob_sspa%3Fdib%3DeyJ2IjoiMSJ9.ipF6Nb_jyPvG8pTjlLapGBTa63gFmVMBNNJNBgJPqDWeduIXZvqDUHbsG7bpFkIV8geqv9k8T2Sb43mNcn0m57kP9-r5eeqDbwXmFMOndGILKUlo7-o95bkJ_HHZhqV3oGCsR8Pd0UHNUVbvB3fATcQfReCSLf22Q39knrjXurVhxs5vxSB0W8LikbtEtfBUPbdOafHFPYsUDC1d7LIt-OHOrVuUtani9ddEuvrpifpoP7EYiLL7_qXnfjJH6XeYgfF1vW5s_XPU4MCw9moTHhBxU5fZ1cwXOqKMTu8AcDI.AUk9loDgaGvQNtvrDO8QrW-zcVbx8CpuMjNXd1eMK2Q%26dib_tag%3Dse%26keywords%3DPencil%26qid%3D1745979799%26sr%3D8-11-spons%26sp_csd%3Dd2lkZ2V0TmFtZT1zcF9tdGY%26psc%3D1
"ZMOL Electric Pencil Sharpener for Colored Pencils, Rechargeable Hands-Free Pencil Sharpeners,Fully Automatic Robot Pencil Sharpener, Auto in & Out",,https://www.amazon.com/sspa/click?ie=UTF8&spc=MToxOTI5NTEwNDUzODg5MTk2OjE3NDU5Nzk3OTk6c3BfbXRmOjMwMDcyODc2Njc5ODkwMjo6MDo6&url=%2FElectric-Sharpener-Sharpeners-Classroom-Charge-Black%2Fdp%2FB09YM5F35M%2Fref%3Dsr_1_12_sspa%3Fdib%3DeyJ2IjoiMSJ9.ipF6Nb_jyPvG8pTjlLapGBTa63gFmVMBNNJNBgJPqDWeduIXZvqDUHbsG7bpFkIV8geqv9k8T2Sb43mNcn0m57kP9-r5eeqDbwXmFMOndGILKUlo7-o95bkJ_HHZhqV3oGCsR8Pd0UHNUVbvB3fATcQfReCSLf22Q39knrjXurVhxs5vxSB0W8LikbtEtfBUPbdOafHFPYsUDC1d7LIt-OHOrVuUtani9ddEuvrpifpoP7EYiLL7_qXnfjJH6XeYgfF1vW5s_XPU4MCw9moTHhBxU5fZ1cwXOqKMTu8AcDI.AUk9loDgaGvQNtvrDO8QrW-zcVbx8CpuMjNXd1eMK2Q%26dib_tag%3Dse%26keywords%3DPencil%26qid%3D1745979799%26sr%3D8-12-spons%26sp_csd%3Dd2lkZ2V0TmFtZT1zcF9tdGY%26psc%3D1
Tenceur 120 Pcs Asian Pacific American Heritage Month Pencils Bulk Heritage Month Cylinder Wood Pencils with Eraser for Office Classroom Decor Supplies,,https://www.amazon.com/sspa/click?ie=UTF8&spc=MToxOTI5NTEwNDUzODg5MTk2OjE3NDU5Nzk3OTk6c3BfbXRmOjMwMDY1MjQ5OTUwMDMwMjo6MDo6&url=%2FTenceur-American-Heritage-Cylinder-Classroom%2Fdp%2FB0DQYBYP5G%2Fref%3Dsr_1_15_sspa%3Fdib%3DeyJ2IjoiMSJ9.ipF6Nb_jyPvG8pTjlLapGBTa63gFmVMBNNJNBgJPqDWeduIXZvqDUHbsG7bpFkIV8geqv9k8T2Sb43mNcn0m57kP9-r5eeqDbwXmFMOndGILKUlo7-o95bkJ_HHZhqV3oGCsR8Pd0UHNUVbvB3fATcQfReCSLf22Q39knrjXurVhxs5vxSB0W8LikbtEtfBUPbdOafHFPYsUDC1d7LIt-OHOrVuUtani9ddEuvrpifpoP7EYiLL7_qXnfjJH6XeYgfF1vW5s_XPU4MCw9moTHhBxU5fZ1cwXOqKMTu8AcDI.AUk9loDgaGvQNtvrDO8QrW-zcVbx8CpuMjNXd1eMK2Q%26dib_tag%3Dse%26keywords%3DPencil%26qid%3D1745979799%26sr%3D8-15-spons%26sp_csd%3Dd2lkZ2V0TmFtZT1zcF9tdGY%26psc%3D1
"AFMAT Rechargeable Long Point Pencil Sharpener for Artist, 3 Point Options, Auto Stop, 8-25mm Super Long Tip, Electric Artist Pencil Sharpener for φ6-8.5mm Charcoal/Drawing/Sketching/Colored Pencils",,https://www.amazon.com/sspa/click?ie=UTF8&spc=MToxOTI5NTEwNDUzODg5MTk2OjE3NDU5Nzk3OTk6c3BfbXRmOjIwMDA2NDM4NjM2MDQ5ODo6MDo6&url=%2FAFMAT-Sharpener-Rechargeable-Electric-Sketching%2Fdp%2FB07689L5L2%2Fref%3Dsr_1_14_sspa%3Fdib%3DeyJ2IjoiMSJ9.ipF6Nb_jyPvG8pTjlLapGBTa63gFmVMBNNJNBgJPqDWeduIXZvqDUHbsG7bpFkIV8geqv9k8T2Sb43mNcn0m57kP9-r5eeqDbwXmFMOndGILKUlo7-o95bkJ_HHZhqV3oGCsR8Pd0UHNUVbvB3fATcQfReCSLf22Q39knrjXurVhxs5vxSB0W8LikbtEtfBUPbdOafHFPYsUDC1d7LIt-OHOrVuUtani9ddEuvrpifpoP7EYiLL7_qXnfjJH6XeYgfF1vW5s_XPU4MCw9moTHhBxU5fZ1cwXOqKMTu8AcDI.AUk9loDgaGvQNtvrDO8QrW-zcVbx8CpuMjNXd1eMK2Q%26dib_tag%3Dse%26keywords%3DPencil%26qid%3D1745979799%26sr%3D8-14-spons%26sp_csd%3Dd2lkZ2V0TmFtZT1zcF9tdGY%26psc%3D1
"Shuttle Art Wood-Cased #2 HB Pencils, 180 Pack Sharpened Yellow Pencil with Erasers, Bulk Pack Graphite Pencils for School and Teacher Supplies, Writing, Drawing and Sketching",,https://www.amazon.com/sspa/click?ie=UTF8&spc=MToxOTI5NTEwNDUzODg5MTk2OjE3NDU5Nzk3OTk6c3BfbXRmOjMwMDI1OTg5Mzc1NDkwMjo6MDo6&url=%2FShuttle-Art-Wood-Cased-180-Sharpened%2Fdp%2FB0D1KBT1CV%2Fref%3Dsr_1_13_sspa%3Fdib%3DeyJ2IjoiMSJ9.ipF6Nb_jyPvG8pTjlLapGBTa63gFmVMBNNJNBgJPqDWeduIXZvqDUHbsG7bpFkIV8geqv9k8T2Sb43mNcn0m57kP9-r5eeqDbwXmFMOndGILKUlo7-o95bkJ_HHZhqV3oGCsR8Pd0UHNUVbvB3fATcQfReCSLf22Q39knrjXurVhxs5vxSB0W8LikbtEtfBUPbdOafHFPYsUDC1d7LIt-OHOrVuUtani9ddEuvrpifpoP7EYiLL7_qXnfjJH6XeYgfF1vW5s_XPU4MCw9moTHhBxU5fZ1cwXOqKMTu8AcDI.AUk9loDgaGvQNtvrDO8QrW-zcVbx8CpuMjNXd1eMK2Q%26dib_tag%3Dse%26keywords%3DPencil%26qid%3D1745979799%26sr%3D8-13-spons%26sp_csd%3Dd2lkZ2V0TmFtZT1zcF9tdGY%26psc%3D1%26smid%3DA4YKSJ25VQ2PM
"Ticonderoga Wood-Cased Pencils, Pre-Sharpened, #2 HB Soft, Yellow, 30 Count",,https://www.amazon.com/Ticonderoga-Wood-Cased-Graphite-Pre-Sharpened-13830/dp/B006CSPZK4/ref=sr_1_16?dib=eyJ2IjoiMSJ9.ipF6Nb_jyPvG8pTjlLapGBTa63gFmVMBNNJNBgJPqDWeduIXZvqDUHbsG7bpFkIV8geqv9k8T2Sb43mNcn0m57kP9-r5eeqDbwXmFMOndGILKUlo7-o95bkJ_HHZhqV3oGCsR8Pd0UHNUVbvB3fATcQfReCSLf22Q39knrjXurVhxs5vxSB0W8LikbtEtfBUPbdOafHFPYsUDC1d7LIt-OHOrVuUtani9ddEuvrpifpoP7EYiLL7_qXnfjJH6XeYgfF1vW5s_XPU4MCw9moTHhBxU5fZ1cwXOqKMTu8AcDI.AUk9loDgaGvQNtvrDO8QrW-zcVbx8CpuMjNXd1eMK2Q&dib_tag=se&keywords=Pencil&qid=1745979799&sr=8-16
"Ticonderoga Wood-Cased Pencils, Pre-Sharpened, 2 HB Soft, Yellow, 72 Count",,https://www.amazon.com/Ticonderoga-Pre-Sharpened-Pencil-Eraser-Pack/dp/B079STQWBM/ref=sr_1_17?dib=eyJ2IjoiMSJ9.ipF6Nb_jyPvG8pTjlLapGBTa63gFmVMBNNJNBgJPqDWeduIXZvqDUHbsG7bpFkIV8geqv9k8T2Sb43mNcn0m57kP9-r5eeqDbwXmFMOndGILKUlo7-o95bkJ_HHZhqV3oGCsR8Pd0UHNUVbvB3fATcQfReCSLf22Q39knrjXurVhxs5vxSB0W8LikbtEtfBUPbdOafHFPYsUDC1d7LIt-OHOrVuUtani9ddEuvrpifpoP7EYiLL7_qXnfjJH6XeYgfF1vW5s_XPU4MCw9moTHhBxU5fZ1cwXOqKMTu8AcDI.AUk9loDgaGvQNtvrDO8QrW-zcVbx8CpuMjNXd1eMK2Q&dib_tag=se&keywords=Pencil&qid=1745979799&sr=8-17
"Ticonderoga Wood-Cased Pencils, Pre-Sharpened, 2 HB Soft, Yellow, 240 Count",,https://www.amazon.com/Ticonderoga-Wood-Cased-Graphite-Pre-Sharpened-14634/dp/B07RPC47LN/ref=sr_1_18?dib=eyJ2IjoiMSJ9.ipF6Nb_jyPvG8pTjlLapGBTa63gFmVMBNNJNBgJPqDWeduIXZvqDUHbsG7bpFkIV8geqv9k8T2Sb43mNcn0m57kP9-r5eeqDbwXmFMOndGILKUlo7-o95bkJ_HHZhqV3oGCsR8Pd0UHNUVbvB3fATcQfReCSLf22Q39knrjXurVhxs5vxSB0W8LikbtEtfBUPbdOafHFPYsUDC1d7LIt-OHOrVuUtani9ddEuvrpifpoP7EYiLL7_qXnfjJH6XeYgfF1vW5s_XPU4MCw9moTHhBxU5fZ1cwXOqKMTu8AcDI.AUk9loDgaGvQNtvrDO8QrW-zcVbx8CpuMjNXd1eMK2Q&dib_tag=se&keywords=Pencil&qid=1745979799&sr=8-18
"Ticonderoga Wood-Cased Pencils, Unsharpened, 2 HB Soft, Yellow, 12 Count",,https://www.amazon.com/Dixon%C2%AE-Ticonderoga%C2%AE-Pencils-Yellow-Barrel/dp/B002EEYT34/ref=sr_1_19?dib=eyJ2IjoiMSJ9.ipF6Nb_jyPvG8pTjlLapGBTa63gFmVMBNNJNBgJPqDWeduIXZvqDUHbsG7bpFkIV8geqv9k8T2Sb43mNcn0m57kP9-r5eeqDbwXmFMOndGILKUlo7-o95bkJ_HHZhqV3oGCsR8Pd0UHNUVbvB3fATcQfReCSLf22Q39knrjXurVhxs5vxSB0W8LikbtEtfBUPbdOafHFPYsUDC1d7LIt-OHOrVuUtani9ddEuvrpifpoP7EYiLL7_qXnfjJH6XeYgfF1vW5s_XPU4MCw9moTHhBxU5fZ1cwXOqKMTu8AcDI.AUk9loDgaGvQNtvrDO8QrW-zcVbx8CpuMjNXd1eMK2Q&dib_tag=se&keywords=Pencil&qid=1745979799&sr=8-19
"BIC Xtra-Life Mechanical Pencil, Clear Barrel, Medium Point (0.7mm), 10-Count, Packaging May Vary",,https://www.amazon.com/BIC-Xtra-Life-Mechanical-Pencil-10-Count/dp/B00260X7F2/ref=sr_1_20?dib=eyJ2IjoiMSJ9.ipF6Nb_jyPvG8pTjlLapGBTa63gFmVMBNNJNBgJPqDWeduIXZvqDUHbsG7bpFkIV8geqv9k8T2Sb43mNcn0m57kP9-r5eeqDbwXmFMOndGILKUlo7-o95bkJ_HHZhqV3oGCsR8Pd0UHNUVbvB3fATcQfReCSLf22Q39knrjXurVhxs5vxSB0W8LikbtEtfBUPbdOafHFPYsUDC1d7LIt-OHOrVuUtani9ddEuvrpifpoP7EYiLL7_qXnfjJH6XeYgfF1vW5s_XPU4MCw9moTHhBxU5fZ1cwXOqKMTu8AcDI.AUk9loDgaGvQNtvrDO8QrW-zcVbx8CpuMjNXd1eMK2Q&dib_tag=se&keywords=Pencil&qid=1745979799&sr=8-20
"STAEDTLER Norica Pencil Class & Eraser Class Pack, 500ct",,https://www.amazon.com/sspa/click?ie=UTF8&spc=MToxOTI5NTEwNDUzODg5MTk2OjE3NDU5Nzk3OTk6c3BfbXRmOjMwMDcwNjg1MDQ3MTEwMjo6MDo6&url=%2FSTAEDTLER-Norica-Pencil-Class-Eraser%2Fdp%2FB0D45ZBHYF%2Fref%3Dsr_1_22_sspa%3Fdib%3DeyJ2IjoiMSJ9.ipF6Nb_jyPvG8pTjlLapGBTa63gFmVMBNNJNBgJPqDWeduIXZvqDUHbsG7bpFkIV8geqv9k8T2Sb43mNcn0m57kP9-r5eeqDbwXmFMOndGILKUlo7-o95bkJ_HHZhqV3oGCsR8Pd0UHNUVbvB3fATcQfReCSLf22Q39knrjXurVhxs5vxSB0W8LikbtEtfBUPbdOafHFPYsUDC1d7LIt-OHOrVuUtani9ddEuvrpifpoP7EYiLL7_qXnfjJH6XeYgfF1vW5s_XPU4MCw9moTHhBxU5fZ1cwXOqKMTu8AcDI.AUk9loDgaGvQNtvrDO8QrW-zcVbx8CpuMjNXd1eMK2Q%26dib_tag%3Dse%26keywords%3DPencil%26qid%3D1745979799%26sr%3D8-22-spons%26sp_csd%3Dd2lkZ2V0TmFtZT1zcF9tdGY%26psc%3D1
"R&DLanci Stocking Stuffers for Kids,12 Colors Rainbow Pencils,Jumbo Colored Pencils for Adult Coloring Sketching,Cute Drawing Kit Fun Pencils Christmas Gift for Adults Kids Students,Pre-sharpened",,https://www.amazon.com/sspa/click?ie=UTF8&spc=MToxOTI5NTEwNDUzODg5MTk2OjE3NDU5Nzk3OTk6c3BfbXRmOjMwMDM5Njc5Nzc0NDEwMjo6MDo6&url=%2FDLanci-Stocking-Sketching-Christmas-Pre-sharpened%2Fdp%2FB0D9N3MBPZ%2Fref%3Dsr_1_24_sspa%3Fdib%3DeyJ2IjoiMSJ9.ipF6Nb_jyPvG8pTjlLapGBTa63gFmVMBNNJNBgJPqDWeduIXZvqDUHbsG7bpFkIV8geqv9k8T2Sb43mNcn0m57kP9-r5eeqDbwXmFMOndGILKUlo7-o95bkJ_HHZhqV3oGCsR8Pd0UHNUVbvB3fATcQfReCSLf22Q39knrjXurVhxs5vxSB0W8LikbtEtfBUPbdOafHFPYsUDC1d7LIt-OHOrVuUtani9ddEuvrpifpoP7EYiLL7_qXnfjJH6XeYgfF1vW5s_XPU4MCw9moTHhBxU5fZ1cwXOqKMTu8AcDI.AUk9loDgaGvQNtvrDO8QrW-zcVbx8CpuMjNXd1eMK2Q%26dib_tag%3Dse%26keywords%3DPencil%26qid%3D1745979799%26sr%3D8-24-spons%26sp_csd%3Dd2lkZ2V0TmFtZT1zcF9tdGY%26psc%3D1
"IKAYAS 400 Pack Yellow #2 HB Pencils with Erasers for Kids, Pre-Sharpened, Ambidextrous, Writing, Drawing, Sketching",,https://www.amazon.com/sspa/click?ie=UTF8&spc=MToxOTI5NTEwNDUzODg5MTk2OjE3NDU5Nzk3OTk6c3BfbXRmOjMwMDAxOTI4OTAxMzkwMjo6MDo6&url=%2FIKAYAS-Sharpened-Pre-sharpened-classroom-Wood-Cased%2Fdp%2FB0C65WZL9T%2Fref%3Dsr_1_21_sspa%3Fdib%3DeyJ2IjoiMSJ9.ipF6Nb_jyPvG8pTjlLapGBTa63gFmVMBNNJNBgJPqDWeduIXZvqDUHbsG7bpFkIV8geqv9k8T2Sb43mNcn0m57kP9-r5eeqDbwXmFMOndGILKUlo7-o95bkJ_HHZhqV3oGCsR8Pd0UHNUVbvB3fATcQfReCSLf22Q39knrjXurVhxs5vxSB0W8LikbtEtfBUPbdOafHFPYsUDC1d7LIt-OHOrVuUtani9ddEuvrpifpoP7EYiLL7_qXnfjJH6XeYgfF1vW5s_XPU4MCw9moTHhBxU5fZ1cwXOqKMTu8AcDI.AUk9loDgaGvQNtvrDO8QrW-zcVbx8CpuMjNXd1eMK2Q%26dib_tag%3Dse%26keywords%3DPencil%26qid%3D1745979799%26sr%3D8-21-spons%26sp_csd%3Dd2lkZ2V0TmFtZT1zcF9tdGY%26psc%3D1
2 Pieces Pen Holder for Desk Mesh Metal Pencil Holders Pen Cup Marker Holder Desk Caddy with Sticky Notes Holder Pen Organizer for Office Supplies Workspace School Home Black,,https://www.amazon.com/sspa/click?ie=UTF8&spc=MToxOTI5NTEwNDUzODg5MTk2OjE3NDU5Nzk3OTk6c3BfbXRmOjMwMDIzMTIyOTkxMzIwMjo6MDo6&url=%2FByjoph-Holders-Organizer-Supplies-Workspace%2Fdp%2FB0BZ4DBZQS%2Fref%3Dsr_1_23_sspa%3Fdib%3DeyJ2IjoiMSJ9.ipF6Nb_jyPvG8pTjlLapGBTa63gFmVMBNNJNBgJPqDWeduIXZvqDUHbsG7bpFkIV8geqv9k8T2Sb43mNcn0m57kP9-r5eeqDbwXmFMOndGILKUlo7-o95bkJ_HHZhqV3oGCsR8Pd0UHNUVbvB3fATcQfReCSLf22Q39knrjXurVhxs5vxSB0W8LikbtEtfBUPbdOafHFPYsUDC1d7LIt-OHOrVuUtani9ddEuvrpifpoP7EYiLL7_qXnfjJH6XeYgfF1vW5s_XPU4MCw9moTHhBxU5fZ1cwXOqKMTu8AcDI.AUk9loDgaGvQNtvrDO8QrW-zcVbx8CpuMjNXd1eMK2Q%26dib_tag%3Dse%26keywords%3DPencil%26qid%3D1745979799%26sr%3D8-23-spons%26sp_csd%3Dd2lkZ2V0TmFtZT1zcF9tdGY%26psc%3D1
Round Pencils (Full Size Pencil with #2 Black Lead. Available in a Variety of Painted Colors) (Tested Non Toxic) (Latex Free Eraser) (Bulk Box of 144) (Classroom Pencils) (Neon Green),,https://www.amazon.com/sspa/click?ie=UTF8&spc=MToxOTI5NTEwNDUzODg5MTk2OjE3NDU5Nzk3OTk6c3BfbXRmOjMwMDQ1Mzg0NjA5NzAwMjo6MDo6&url=%2FPencils-Pencil-Available-Variety-Classroom%2Fdp%2FB06WGM74F1%2Fref%3Dsr_1_25_sspa%3Fdib%3DeyJ2IjoiMSJ9.ipF6Nb_jyPvG8pTjlLapGBTa63gFmVMBNNJNBgJPqDWeduIXZvqDUHbsG7bpFkIV8geqv9k8T2Sb43mNcn0m57kP9-r5eeqDbwXmFMOndGILKUlo7-o95bkJ_HHZhqV3oGCsR8Pd0UHNUVbvB3fATcQfReCSLf22Q39knrjXurVhxs5vxSB0W8LikbtEtfBUPbdOafHFPYsUDC1d7LIt-OHOrVuUtani9ddEuvrpifpoP7EYiLL7_qXnfjJH6XeYgfF1vW5s_XPU4MCw9moTHhBxU5fZ1cwXOqKMTu8AcDI.AUk9loDgaGvQNtvrDO8QrW-zcVbx8CpuMjNXd1eMK2Q%26dib_tag%3Dse%26keywords%3DPencil%26qid%3D1745979799%26sr%3D8-25-spons%26sp_csd%3Dd2lkZ2V0TmFtZT1zcF9tdGY%26psc%3D1
"BIC Xtra-Smooth Mechanical Pencils with Erasers, Bright Edition Medium Point (0.7mm), 40-Count Pack, Bulk Mechanical Pencils for School or Office Supplies",,https://www.amazon.com/BIC-Mechanical-Pencil-40-Count-MPCE40-BLK/dp/B08MQRQTKJ/ref=sr_1_26?dib=eyJ2IjoiMSJ9.ipF6Nb_jyPvG8pTjlLapGBTa63gFmVMBNNJNBgJPqDWeduIXZvqDUHbsG7bpFkIV8geqv9k8T2Sb43mNcn0m57kP9-r5eeqDbwXmFMOndGILKUlo7-o95bkJ_HHZhqV3oGCsR8Pd0UHNUVbvB3fATcQfReCSLf22Q39knrjXurVhxs5vxSB0W8LikbtEtfBUPbdOafHFPYsUDC1d7LIt-OHOrVuUtani9ddEuvrpifpoP7EYiLL7_qXnfjJH6XeYgfF1vW5s_XPU4MCw9moTHhBxU5fZ1cwXOqKMTu8AcDI.AUk9loDgaGvQNtvrDO8QrW-zcVbx8CpuMjNXd1eMK2Q&dib_tag=se&keywords=Pencil&qid=1745979799&sr=8-26
"360 Pack #2 Pencils Bulk, Easter Basket Stuffers, Sharpened Number 2 HB Yellow Pencils for School Supplies College Essentials Teacher Office Desk Accessories, Writing, Drawing, Sketching, with Erasers",,https://www.amazon.com/Sharpened-Supplies-Halloween-Graphite-Sketching/dp/B0D31JK46D/ref=sr_1_27?dib=eyJ2IjoiMSJ9.ipF6Nb_jyPvG8pTjlLapGBTa63gFmVMBNNJNBgJPqDWeduIXZvqDUHbsG7bpFkIV8geqv9k8T2Sb43mNcn0m57kP9-r5eeqDbwXmFMOndGILKUlo7-o95bkJ_HHZhqV3oGCsR8Pd0UHNUVbvB3fATcQfReCSLf22Q39knrjXurVhxs5vxSB0W8LikbtEtfBUPbdOafHFPYsUDC1d7LIt-OHOrVuUtani9ddEuvrpifpoP7EYiLL7_qXnfjJH6XeYgfF1vW5s_XPU4MCw9moTHhBxU5fZ1cwXOqKMTu8AcDI.AUk9loDgaGvQNtvrDO8QrW-zcVbx8CpuMjNXd1eMK2Q&dib_tag=se&keywords=Pencil&qid=1745979799&sr=8-27
"Ticonderoga Wood-Cased Pencils, Unsharpened, 2 HB Soft, Yellow, 72 Count",,https://www.amazon.com/Ticonderoga-Wood-Cased-Pencils-Unsharpened-Yellow/dp/B001GAP4PY/ref=sr_1_28?dib=eyJ2IjoiMSJ9.ipF6Nb_jyPvG8pTjlLapGBTa63gFmVMBNNJNBgJPqDWeduIXZvqDUHbsG7bpFkIV8geqv9k8T2Sb43mNcn0m57kP9-r5eeqDbwXmFMOndGILKUlo7-o95bkJ_HHZhqV3oGCsR8Pd0UHNUVbvB3fATcQfReCSLf22Q39knrjXurVhxs5vxSB0W8LikbtEtfBUPbdOafHFPYsUDC1d7LIt-OHOrVuUtani9ddEuvrpifpoP7EYiLL7_qXnfjJH6XeYgfF1vW5s_XPU4MCw9moTHhBxU5fZ1cwXOqKMTu8AcDI.AUk9loDgaGvQNtvrDO8QrW-zcVbx8CpuMjNXd1eMK2Q&dib_tag=se&keywords=Pencil&qid=1745979799&sr=8-28
"IKAYAS 400 Pack Yellow #2 HB Pencils with Erasers for Kids, Pre-Sharpened, Ambidextrous, Writing, Drawing, Sketching",,https://www.amazon.com/IKAYAS-Sharpened-Pre-sharpened-classroom-Wood-Cased/dp/B0C65WZL9T/ref=sr_1_29?dib=eyJ2IjoiMSJ9.ipF6Nb_jyPvG8pTjlLapGBTa63gFmVMBNNJNBgJPqDWeduIXZvqDUHbsG7bpFkIV8geqv9k8T2Sb43mNcn0m57kP9-r5eeqDbwXmFMOndGILKUlo7-o95bkJ_HHZhqV3oGCsR8Pd0UHNUVbvB3fATcQfReCSLf22Q39knrjXurVhxs5vxSB0W8LikbtEtfBUPbdOafHFPYsUDC1d7LIt-OHOrVuUtani9ddEuvrpifpoP7EYiLL7_qXnfjJH6XeYgfF1vW5s_XPU4MCw9moTHhBxU5fZ1cwXOqKMTu8AcDI.AUk9loDgaGvQNtvrDO8QrW-zcVbx8CpuMjNXd1eMK2Q&dib_tag=se&keywords=Pencil&qid=1745979799&sr=8-29
"Paper Mate Clearpoint Mechanical Pencils 0.7mm, HB #2 Pencil Lead, 2 Pencils, School Supplies, Teacher Supplies, Drawing Pencils, Sketching Pencils, Assorted Barrel Colors, 10 Count",,https://www.amazon.com/Paper-Mate-Clearpoint-Pencils-Assorted/dp/B09QXWMDZ8/ref=sr_1_30?dib=eyJ2IjoiMSJ9.ipF6Nb_jyPvG8pTjlLapGBTa63gFmVMBNNJNBgJPqDWeduIXZvqDUHbsG7bpFkIV8geqv9k8T2Sb43mNcn0m57kP9-r5eeqDbwXmFMOndGILKUlo7-o95bkJ_HHZhqV3oGCsR8Pd0UHNUVbvB3fATcQfReCSLf22Q39knrjXurVhxs5vxSB0W8LikbtEtfBUPbdOafHFPYsUDC1d7LIt-OHOrVuUtani9ddEuvrpifpoP7EYiLL7_qXnfjJH6XeYgfF1vW5s_XPU4MCw9moTHhBxU5fZ1cwXOqKMTu8AcDI.AUk9loDgaGvQNtvrDO8QrW-zcVbx8CpuMjNXd1eMK2Q&dib_tag=se&keywords=Pencil&qid=1745979799&sr=8-30
"S & E Teacher's Edition Woodcased #2 Pencils, Pre-sharpened, 2 HB Lead Bulk Box, Yellow With Erasers, 200 Count",,https://www.amazon.com/TEACHERS-Woodcased-Pencils-Pre-sharpened-Erasers/dp/B0CNNM655R/ref=sr_1_32?dib=eyJ2IjoiMSJ9.ipF6Nb_jyPvG8pTjlLapGBTa63gFmVMBNNJNBgJPqDWeduIXZvqDUHbsG7bpFkIV8geqv9k8T2Sb43mNcn0m57kP9-r5eeqDbwXmFMOndGILKUlo7-o95bkJ_HHZhqV3oGCsR8Pd0UHNUVbvB3fATcQfReCSLf22Q39knrjXurVhxs5vxSB0W8LikbtEtfBUPbdOafHFPYsUDC1d7LIt-OHOrVuUtani9ddEuvrpifpoP7EYiLL7_qXnfjJH6XeYgfF1vW5s_XPU4MCw9moTHhBxU5fZ1cwXOqKMTu8AcDI.AUk9loDgaGvQNtvrDO8QrW-zcVbx8CpuMjNXd1eMK2Q&dib_tag=se&keywords=Pencil&qid=1745979799&sr=8-32
"Enday #2 Pencils Bulk - 300 Pack, Pre-Sharpened Wood-Cased Yellow Pencils with Latex-Free Eraser Top for Office and Classroom Supplies",,https://www.amazon.com/sspa/click?ie=UTF8&spc=MToxOTI5NTEwNDUzODg5MTk2OjE3NDU5Nzk3OTk6c3BfbXRmOjMwMDcxMjU4MDY1MzcwMjo6MDo6&url=%2FEnday-Pencils-Bulk-Pre-Sharpened-Wood-Cased%2Fdp%2FB0C66WXKV9%2Fref%3Dsr_1_31_sspa%3Fdib%3DeyJ2IjoiMSJ9.ipF6Nb_jyPvG8pTjlLapGBTa63gFmVMBNNJNBgJPqDWeduIXZvqDUHbsG7bpFkIV8geqv9k8T2Sb43mNcn0m57kP9-r5eeqDbwXmFMOndGILKUlo7-o95bkJ_HHZhqV3oGCsR8Pd0UHNUVbvB3fATcQfReCSLf22Q39knrjXurVhxs5vxSB0W8LikbtEtfBUPbdOafHFPYsUDC1d7LIt-OHOrVuUtani9ddEuvrpifpoP7EYiLL7_qXnfjJH6XeYgfF1vW5s_XPU4MCw9moTHhBxU5fZ1cwXOqKMTu8AcDI.AUk9loDgaGvQNtvrDO8QrW-zcVbx8CpuMjNXd1eMK2Q%26dib_tag%3Dse%26keywords%3DPencil%26qid%3D1745979799%26sr%3D8-31-spons%26sp_csd%3Dd2lkZ2V0TmFtZT1zcF9tdGY%26psc%3D1
"Ticonderoga X13910 Striped Wood-Cased Pencils, 2 HB Soft, Pre-Sharpened, 10 Count, Assorted Colors",,https://www.amazon.com/Dixon-Ticonderoga-Striped-Woodcase-Pencils/dp/B01DZY1V64/ref=sr_1_34?dib=eyJ2IjoiMSJ9.ipF6Nb_jyPvG8pTjlLapGBTa63gFmVMBNNJNBgJPqDWeduIXZvqDUHbsG7bpFkIV8geqv9k8T2Sb43mNcn0m57kP9-r5eeqDbwXmFMOndGILKUlo7-o95bkJ_HHZhqV3oGCsR8Pd0UHNUVbvB3fATcQfReCSLf22Q39knrjXurVhxs5vxSB0W8LikbtEtfBUPbdOafHFPYsUDC1d7LIt-OHOrVuUtani9ddEuvrpifpoP7EYiLL7_qXnfjJH6XeYgfF1vW5s_XPU4MCw9moTHhBxU5fZ1cwXOqKMTu8AcDI.AUk9loDgaGvQNtvrDO8QrW-zcVbx8CpuMjNXd1eMK2Q&dib_tag=se&keywords=Pencil&qid=1745979799&sr=8-34
"Ticonderoga® Pastel Pencils, #2 Soft, Assorted Colors, Pack of 10 Pencils",,https://www.amazon.com/Ticonderoga-Pencils-Wood-Cased-Pre-Sharpened-Pastel/dp/B0BLCZTL2P/ref=sr_1_33?dib=eyJ2IjoiMSJ9.ipF6Nb_jyPvG8pTjlLapGBTa63gFmVMBNNJNBgJPqDWeduIXZvqDUHbsG7bpFkIV8geqv9k8T2Sb43mNcn0m57kP9-r5eeqDbwXmFMOndGILKUlo7-o95bkJ_HHZhqV3oGCsR8Pd0UHNUVbvB3fATcQfReCSLf22Q39knrjXurVhxs5vxSB0W8LikbtEtfBUPbdOafHFPYsUDC1d7LIt-OHOrVuUtani9ddEuvrpifpoP7EYiLL7_qXnfjJH6XeYgfF1vW5s_XPU4MCw9moTHhBxU5fZ1cwXOqKMTu8AcDI.AUk9loDgaGvQNtvrDO8QrW-zcVbx8CpuMjNXd1eMK2Q&dib_tag=se&keywords=Pencil&qid=1745979799&sr=8-33
"Prismacolor Premier Colored Pencils, Soft Core, 48 Pack",,https://www.amazon.com/Prismacolor-3598T-Premier-Colored-Pencils/dp/B00006IEEV/ref=sr_1_35?dib=eyJ2IjoiMSJ9.ipF6Nb_jyPvG8pTjlLapGBTa63gFmVMBNNJNBgJPqDWeduIXZvqDUHbsG7bpFkIV8geqv9k8T2Sb43mNcn0m57kP9-r5eeqDbwXmFMOndGILKUlo7-o95bkJ_HHZhqV3oGCsR8Pd0UHNUVbvB3fATcQfReCSLf22Q39knrjXurVhxs5vxSB0W8LikbtEtfBUPbdOafHFPYsUDC1d7LIt-OHOrVuUtani9ddEuvrpifpoP7EYiLL7_qXnfjJH6XeYgfF1vW5s_XPU4MCw9moTHhBxU5fZ1cwXOqKMTu8AcDI.AUk9loDgaGvQNtvrDO8QrW-zcVbx8CpuMjNXd1eMK2Q&dib_tag=se&keywords=Pencil&qid=1745979799&sr=8-35
"Four Candies 0.7mm Mechanical Pencil Set with Case - 4PCS Metal Mechanical Pencils, 8 Tubes HB #2 Lead Refills, 3PCS 4B Erasers and 9PCS Eraser Refills, Lead Mechanical Pencils for Writing & Drawing",,https://www.amazon.com/Four-Candies-0-7mm-Mechanical-Pencil/dp/B0B1D1FGL8/ref=sr_1_37?dib=eyJ2IjoiMSJ9.ipF6Nb_jyPvG8pTjlLapGBTa63gFmVMBNNJNBgJPqDWeduIXZvqDUHbsG7bpFkIV8geqv9k8T2Sb43mNcn0m57kP9-r5eeqDbwXmFMOndGILKUlo7-o95bkJ_HHZhqV3oGCsR8Pd0UHNUVbvB3fATcQfReCSLf22Q39knrjXurVhxs5vxSB0W8LikbtEtfBUPbdOafHFPYsUDC1d7LIt-OHOrVuUtani9ddEuvrpifpoP7EYiLL7_qXnfjJH6XeYgfF1vW5s_XPU4MCw9moTHhBxU5fZ1cwXOqKMTu8AcDI.AUk9loDgaGvQNtvrDO8QrW-zcVbx8CpuMjNXd1eMK2Q&dib_tag=se&keywords=Pencil&qid=1745979799&sr=8-37
Uniball Kuru Toga Elite Mechanical Pencil Starter Kit with Silver Barrel and 0.5mm Tip; 60 Lead Refills; and 5 Pencil Eraser Refills; HB #2; Office Supplies; School Supplies; Drafting,,https://www.amazon.com/Mechanical-Pencil-Starter-Silver-Barrel/dp/B089QC2C8G/ref=sr_1_38?dib=eyJ2IjoiMSJ9.ipF6Nb_jyPvG8pTjlLapGBTa63gFmVMBNNJNBgJPqDWeduIXZvqDUHbsG7bpFkIV8geqv9k8T2Sb43mNcn0m57kP9-r5eeqDbwXmFMOndGILKUlo7-o95bkJ_HHZhqV3oGCsR8Pd0UHNUVbvB3fATcQfReCSLf22Q39knrjXurVhxs5vxSB0W8LikbtEtfBUPbdOafHFPYsUDC1d7LIt-OHOrVuUtani9ddEuvrpifpoP7EYiLL7_qXnfjJH6XeYgfF1vW5s_XPU4MCw9moTHhBxU5fZ1cwXOqKMTu8AcDI.AUk9loDgaGvQNtvrDO8QrW-zcVbx8CpuMjNXd1eMK2Q&dib_tag=se&keywords=Pencil&qid=1745979799&sr=8-38
"Pentel GraphGear 1000 Mechanical Pencil, (0.5mm) Point Size, Black Barrel, 1 Each (PG1015A)",,https://www.amazon.com/Pentel-Automatic-Drafting-Brushed-PG1015A/dp/B000GAU2RU/ref=sr_1_39?dib=eyJ2IjoiMSJ9.ipF6Nb_jyPvG8pTjlLapGBTa63gFmVMBNNJNBgJPqDWeduIXZvqDUHbsG7bpFkIV8geqv9k8T2Sb43mNcn0m57kP9-r5eeqDbwXmFMOndGILKUlo7-o95bkJ_HHZhqV3oGCsR8Pd0UHNUVbvB3fATcQfReCSLf22Q39knrjXurVhxs5vxSB0W8LikbtEtfBUPbdOafHFPYsUDC1d7LIt-OHOrVuUtani9ddEuvrpifpoP7EYiLL7_qXnfjJH6XeYgfF1vW5s_XPU4MCw9moTHhBxU5fZ1cwXOqKMTu8AcDI.AUk9loDgaGvQNtvrDO8QrW-zcVbx8CpuMjNXd1eMK2Q&dib_tag=se&keywords=Pencil&qid=1745979799&sr=8-39
"Four Candies Cute Mechanical Pencil Set, 6PCS Pastel Mechanical Pencils 0.5 & 0.7mm with 360PCS HB Pencil Leads, 3PCS Erasers and 9PCS Eraser Refills, Aesthetic Mechanical Pencils for Girls Writing",,https://www.amazon.com/Colored-Mechanical-Pencils-Erasers-Refills/dp/B09MLP27XH/ref=sr_1_36?dib=eyJ2IjoiMSJ9.ipF6Nb_jyPvG8pTjlLapGBTa63gFmVMBNNJNBgJPqDWeduIXZvqDUHbsG7bpFkIV8geqv9k8T2Sb43mNcn0m57kP9-r5eeqDbwXmFMOndGILKUlo7-o95bkJ_HHZhqV3oGCsR8Pd0UHNUVbvB3fATcQfReCSLf22Q39knrjXurVhxs5vxSB0W8LikbtEtfBUPbdOafHFPYsUDC1d7LIt-OHOrVuUtani9ddEuvrpifpoP7EYiLL7_qXnfjJH6XeYgfF1vW5s_XPU4MCw9moTHhBxU5fZ1cwXOqKMTu8AcDI.AUk9loDgaGvQNtvrDO8QrW-zcVbx8CpuMjNXd1eMK2Q&dib_tag=se&keywords=Pencil&qid=1745979799&sr=8-36
"Pentel GraphGear 1000 Mechanical Pencil, (0.5mm) Point Size, Black Barrel, 1 Each (PG1015A)",,https://www.amazon.com/Pentel-Automatic-Drafting-Brushed-PG1015A/dp/B000GAU2RU/ref=cs_sr_dp_1?dib=eyJ2IjoiMSJ9.ipF6Nb_jyPvG8pTjlLapGBTa63gFmVMBNNJNBgJPqDWeduIXZvqDUHbsG7bpFkIV8geqv9k8T2Sb43mNcn0m57kP9-r5eeqDbwXmFMOndGILKUlo7-o95bkJ_HHZhqV3oGCsR8Pd0UHNUVbvB3fATcQfReCSLf22Q39knrjXurVhxs5vxSB0W8LikbtEtfBUPbdOafHFPYsUDC1d7LIt-OHOrVuUtani9ddEuvrpifpoP7EYiLL7_qXnfjJH6XeYgfF1vW5s_XPU4MCw9moTHhBxU5fZ1cwXOqKMTu8AcDI.AUk9loDgaGvQNtvrDO8QrW-zcVbx8CpuMjNXd1eMK2Q&dib_tag=se&keywords=Pencil&qid=1745979799&sr=8-39
"Pentel GraphGear 1000 Automatic Drafting Pencil (0.9mm), with Eraser Refills, 1-Pk (PG1019EBP)",,https://www.amazon.com/Pentel-Automatic-Drafting-Brushed-PG1015A/dp/B071DPWWHZ/ref=cs_sr_dp_2?dib=eyJ2IjoiMSJ9.ipF6Nb_jyPvG8pTjlLapGBTa63gFmVMBNNJNBgJPqDWeduIXZvqDUHbsG7bpFkIV8geqv9k8T2Sb43mNcn0m57kP9-r5eeqDbwXmFMOndGILKUlo7-o95bkJ_HHZhqV3oGCsR8Pd0UHNUVbvB3fATcQfReCSLf22Q39knrjXurVhxs5vxSB0W8LikbtEtfBUPbdOafHFPYsUDC1d7LIt-OHOrVuUtani9ddEuvrpifpoP7EYiLL7_qXnfjJH6XeYgfF1vW5s_XPU4MCw9moTHhBxU5fZ1cwXOqKMTu8AcDI.AUk9loDgaGvQNtvrDO8QrW-zcVbx8CpuMjNXd1eMK2Q&dib_tag=se&keywords=Pencil&qid=1745979799&sr=8-39
"Pentel Twist-Erase III Mechanical Pencil ,0.5mm , Black Barrel, 12 Pack (QE515A)",,https://www.amazon.com/Pentel-Twist-Erase-Mechanical-Pencil-Barrel/dp/B00822E040/ref=sr_1_40?dib=eyJ2IjoiMSJ9.ipF6Nb_jyPvG8pTjlLapGBTa63gFmVMBNNJNBgJPqDWeduIXZvqDUHbsG7bpFkIV8geqv9k8T2Sb43mNcn0m57kP9-r5eeqDbwXmFMOndGILKUlo7-o95bkJ_HHZhqV3oGCsR8Pd0UHNUVbvB3fATcQfReCSLf22Q39knrjXurVhxs5vxSB0W8LikbtEtfBUPbdOafHFPYsUDC1d7LIt-OHOrVuUtani9ddEuvrpifpoP7EYiLL7_qXnfjJH6XeYgfF1vW5s_XPU4MCw9moTHhBxU5fZ1cwXOqKMTu8AcDI.AUk9loDgaGvQNtvrDO8QrW-zcVbx8CpuMjNXd1eMK2Q&dib_tag=se&keywords=Pencil&qid=1745979799&sr=8-40
"Stylus Pen for iPad 6th-11th Generation-2X Fast Charge Active Pencil Compatible with 2018-2025 Apple iPad Pro 11""/12.9""/M4, iPad Air 3/4/5/M2/M3,iPad mini 5/6 Gen-White",,https://www.amazon.com/Rejection-Compatible-2018-2021-Precise-Writing/dp/B0831BF1FH/ref=sr_1_41?dib=eyJ2IjoiMSJ9.ipF6Nb_jyPvG8pTjlLapGBTa63gFmVMBNNJNBgJPqDWeduIXZvqDUHbsG7bpFkIV8geqv9k8T2Sb43mNcn0m57kP9-r5eeqDbwXmFMOndGILKUlo7-o95bkJ_HHZhqV3oGCsR8Pd0UHNUVbvB3fATcQfReCSLf22Q39knrjXurVhxs5vxSB0W8LikbtEtfBUPbdOafHFPYsUDC1d7LIt-OHOrVuUtani9ddEuvrpifpoP7EYiLL7_qXnfjJH6XeYgfF1vW5s_XPU4MCw9moTHhBxU5fZ1cwXOqKMTu8AcDI.AUk9loDgaGvQNtvrDO8QrW-zcVbx8CpuMjNXd1eMK2Q&dib_tag=se&keywords=Pencil&qid=1745979799&sr=8-41
"Stylus Pen for iPad 6th-11th Generation-2X Fast Charge Active Pencil Compatible with 2018-2025 Apple iPad Pro 11""/12.9""/M4, iPad Air 3/4/5/M2/M3,iPad mini 5/6 Gen-White",,https://www.amazon.com/Rejection-Compatible-2018-2021-Precise-Writing/dp/B0831BF1FH/ref=cs_sr_dp_1?dib=eyJ2IjoiMSJ9.ipF6Nb_jyPvG8pTjlLapGBTa63gFmVMBNNJNBgJPqDWeduIXZvqDUHbsG7bpFkIV8geqv9k8T2Sb43mNcn0m57kP9-r5eeqDbwXmFMOndGILKUlo7-o95bkJ_HHZhqV3oGCsR8Pd0UHNUVbvB3fATcQfReCSLf22Q39knrjXurVhxs5vxSB0W8LikbtEtfBUPbdOafHFPYsUDC1d7LIt-OHOrVuUtani9ddEuvrpifpoP7EYiLL7_qXnfjJH6XeYgfF1vW5s_XPU4MCw9moTHhBxU5fZ1cwXOqKMTu8AcDI.AUk9loDgaGvQNtvrDO8QrW-zcVbx8CpuMjNXd1eMK2Q&dib_tag=se&keywords=Pencil&qid=1745979799&sr=8-41
"Stylus Pen 2X Fast Charge Active Pencil Compatible with 2018-2025 Apple iPad Pro 11""/12.9""/M4, iPad Air 3/4/5/M2/M3, iPad 6-11, iPad Mini 5/6 Gen-Black",,https://www.amazon.com/Rejection-Compatible-2018-2021-Precise-Writing/dp/B0BPY7DL9D/ref=cs_sr_dp_2?dib=eyJ2IjoiMSJ9.ipF6Nb_jyPvG8pTjlLapGBTa63gFmVMBNNJNBgJPqDWeduIXZvqDUHbsG7bpFkIV8geqv9k8T2Sb43mNcn0m57kP9-r5eeqDbwXmFMOndGILKUlo7-o95bkJ_HHZhqV3oGCsR8Pd0UHNUVbvB3fATcQfReCSLf22Q39knrjXurVhxs5vxSB0W8LikbtEtfBUPbdOafHFPYsUDC1d7LIt-OHOrVuUtani9ddEuvrpifpoP7EYiLL7_qXnfjJH6XeYgfF1vW5s_XPU4MCw9moTHhBxU5fZ1cwXOqKMTu8AcDI.AUk9loDgaGvQNtvrDO8QrW-zcVbx8CpuMjNXd1eMK2Q&dib_tag=se&keywords=Pencil&qid=1745979799&sr=8-41
"Stylus Pen for iPad with Palm Rejection, Active Pencil Compatible with (2018-2025) Apple iPad Pro (11""/12.9""/M4),iPad Air 3/4/5/M2/M3,iPad 6/7/8/9/10/11,iPad Mini 5/6 Gen(Blue)",,https://www.amazon.com/Rejection-Compatible-2018-2021-Precise-Writing/dp/B0BWMVT67P/ref=cs_sr_dp_3?dib=eyJ2IjoiMSJ9.ipF6Nb_jyPvG8pTjlLapGBTa63gFmVMBNNJNBgJPqDWeduIXZvqDUHbsG7bpFkIV8geqv9k8T2Sb43mNcn0m57kP9-r5eeqDbwXmFMOndGILKUlo7-o95bkJ_HHZhqV3oGCsR8Pd0UHNUVbvB3fATcQfReCSLf22Q39knrjXurVhxs5vxSB0W8LikbtEtfBUPbdOafHFPYsUDC1d7LIt-OHOrVuUtani9ddEuvrpifpoP7EYiLL7_qXnfjJH6XeYgfF1vW5s_XPU4MCw9moTHhBxU5fZ1cwXOqKMTu8AcDI.AUk9loDgaGvQNtvrDO8QrW-zcVbx8CpuMjNXd1eMK2Q&dib_tag=se&keywords=Pencil&qid=1745979799&sr=8-41
"Stylus Pen for iPad 6th-11th Generation-2X Fast Charge Active Pencil Compatible with 2018-2025 Apple iPad Pro 11""/12.9""/M4, iPad Air 3/4/5/M2/M3,iPad Mini 5/6 Gen-Pin",,https://www.amazon.com/Rejection-Compatible-2018-2021-Precise-Writing/dp/B0BPYBTK7V/ref=cs_sr_dp_4?dib=eyJ2IjoiMSJ9.ipF6Nb_jyPvG8pTjlLapGBTa63gFmVMBNNJNBgJPqDWeduIXZvqDUHbsG7bpFkIV8geqv9k8T2Sb43mNcn0m57kP9-r5eeqDbwXmFMOndGILKUlo7-o95bkJ_HHZhqV3oGCsR8Pd0UHNUVbvB3fATcQfReCSLf22Q39knrjXurVhxs5vxSB0W8LikbtEtfBUPbdOafHFPYsUDC1d7LIt-OHOrVuUtani9ddEuvrpifpoP7EYiLL7_qXnfjJH6XeYgfF1vW5s_XPU4MCw9moTHhBxU5fZ1cwXOqKMTu8AcDI.AUk9loDgaGvQNtvrDO8QrW-zcVbx8CpuMjNXd1eMK2Q&dib_tag=se&keywords=Pencil&qid=1745979799&sr=8-41
"Stylus Pen for iPad 6th-11th Generation-2X Fast Charge Active Pencil Compatible with 2018-2025 Apple iPad Pro 11""/12.9""/M4, iPad Air 3/4/5/M2/M3,iPad Mini 5/6 Gen-Purple",,https://www.amazon.com/Rejection-Compatible-2018-2021-Precise-Writing/dp/B0BVZDZWDT/ref=cs_sr_dp_5?dib=eyJ2IjoiMSJ9.ipF6Nb_jyPvG8pTjlLapGBTa63gFmVMBNNJNBgJPqDWeduIXZvqDUHbsG7bpFkIV8geqv9k8T2Sb43mNcn0m57kP9-r5eeqDbwXmFMOndGILKUlo7-o95bkJ_HHZhqV3oGCsR8Pd0UHNUVbvB3fATcQfReCSLf22Q39knrjXurVhxs5vxSB0W8LikbtEtfBUPbdOafHFPYsUDC1d7LIt-OHOrVuUtani9ddEuvrpifpoP7EYiLL7_qXnfjJH6XeYgfF1vW5s_XPU4MCw9moTHhBxU5fZ1cwXOqKMTu8AcDI.AUk9loDgaGvQNtvrDO8QrW-zcVbx8CpuMjNXd1eMK2Q&dib_tag=se&keywords=Pencil&qid=1745979799&sr=8-41
"Bic Mechanical Pencil #2 EXTRA SMOOTH, 40 Pack Of Twenty 0.5mm, and Twenty 0.7 mm - Assorted Colored Barrels - Variety Pack of Bic Lead Pencils",,https://www.amazon.com/BIC-Mechanical-Variety-Assorted-professional/dp/B089TYRM7Q/ref=sr_1_43?dib=eyJ2IjoiMSJ9.ipF6Nb_jyPvG8pTjlLapGBTa63gFmVMBNNJNBgJPqDWeduIXZvqDUHbsG7bpFkIV8geqv9k8T2Sb43mNcn0m57kP9-r5eeqDbwXmFMOndGILKUlo7-o95bkJ_HHZhqV3oGCsR8Pd0UHNUVbvB3fATcQfReCSLf22Q39knrjXurVhxs5vxSB0W8LikbtEtfBUPbdOafHFPYsUDC1d7LIt-OHOrVuUtani9ddEuvrpifpoP7EYiLL7_qXnfjJH6XeYgfF1vW5s_XPU4MCw9moTHhBxU5fZ1cwXOqKMTu8AcDI.AUk9loDgaGvQNtvrDO8QrW-zcVbx8CpuMjNXd1eMK2Q&dib_tag=se&keywords=Pencil&qid=1745979799&sr=8-43
"Blackwing Palomino 602-12 Count Pencils with Heritage, Gray, Unisex",,https://www.amazon.com/Blackwing-103180-Palomino-602-12-Count/dp/B006YYPIUI/ref=sr_1_42?dib=eyJ2IjoiMSJ9.ipF6Nb_jyPvG8pTjlLapGBTa63gFmVMBNNJNBgJPqDWeduIXZvqDUHbsG7bpFkIV8geqv9k8T2Sb43mNcn0m57kP9-r5eeqDbwXmFMOndGILKUlo7-o95bkJ_HHZhqV3oGCsR8Pd0UHNUVbvB3fATcQfReCSLf22Q39knrjXurVhxs5vxSB0W8LikbtEtfBUPbdOafHFPYsUDC1d7LIt-OHOrVuUtani9ddEuvrpifpoP7EYiLL7_qXnfjJH6XeYgfF1vW5s_XPU4MCw9moTHhBxU5fZ1cwXOqKMTu8AcDI.AUk9loDgaGvQNtvrDO8QrW-zcVbx8CpuMjNXd1eMK2Q&dib_tag=se&keywords=Pencil&qid=1745979799&sr=8-42
"576 Count Bulk Pack Pencils Pre-sharpened with Erasers Bulk Yellow Pencils for School Teacher Supplies, No. 2 HB Pencils for Writing Drawing Sketching, Kids Party Favors (4 Boxes of 144)", B01C4JIZUQ ,https://www.amazon.com/sspa/click?ie=UTF8&spc=MTozNTgwOTkyMjA5MzkwMzQ2OjE3NDU5ODAwNzI6c3BfYXRmOjMwMDE2OTkwMzA0ODEwMjo6MDo6&url=%2FPencils-Pre-sharpened-Boxes-Improved-Eraser%2Fdp%2FB01C4JIZUQ%2Fref%3Dsr_1_4_sspa%3Fdib%3DeyJ2IjoiMSJ9.ipF6Nb_jyPvG8pTjlLapGBTa63gFmVMBNNJNBgJPqDWeduIXZvqDUHbsG7bpFkIV8geqv9k8T2Sb43mNcn0m5521CJJB_Ba2lspa5GUy8-zjq9_R-eM2rmiD6onV4fKGoGCsR8Pd0UHNUVbvB3fATcQfReCSLf22Q39knrjXurVhxs5vxSB0W8LikbtEtfBUPbdOafHFPYsUDC1d7LIt-OHOrVuUtani9ddEuvrpifpwY7E576axCRzQmWwxMvXxu4tbbCqq1en6gNZM8RF_8BBxU5fZ1cwXOqKMTu8AcDI.5u08GWQVol9YElwp-_g6jWvJVYYapfQqtE92ZlzYBIw%26dib_tag%3Dse%26keywords%3DPencil%26qid%3D1745980071%26sr%3D8-4-spons%26sp_csd%3Dd2lkZ2V0TmFtZT1zcF9hdGY%26psc%3D1
"Amazon Basics Woodcased Classroom #2 Pencils with Erasers, Pre-sharpened, HB Lead, Value Pack of 30 count, Orange", B071JM699B ,https://www.amazon.com/sspa/click?ie=UTF8&spc=MTozNTgwOTkyMjA5MzkwMzQ2OjE3NDU5ODAwNzI6c3BfYXRmOjIwMDAxMDUwOTM1NzUzMTo6MDo6&url=%2FAmazonBasics-Pre-sharpened-Wood-Cased-Pencils%2Fdp%2FB071JM699B%2Fref%3Dsr_1_1_ffob_sspa%3Fdib%3DeyJ2IjoiMSJ9.ipF6Nb_jyPvG8pTjlLapGBTa63gFmVMBNNJNBgJPqDWeduIXZvqDUHbsG7bpFkIV8geqv9k8T2Sb43mNcn0m5521CJJB_Ba2lspa5GUy8-zjq9_R-eM2rmiD6onV4fKGoGCsR8Pd0UHNUVbvB3fATcQfReCSLf22Q39knrjXurVhxs5vxSB0W8LikbtEtfBUPbdOafHFPYsUDC1d7LIt-OHOrVuUtani9ddEuvrpifpwY7E576axCRzQmWwxMvXxu4tbbCqq1en6gNZM8RF_8BBxU5fZ1cwXOqKMTu8AcDI.5u08GWQVol9YElwp-_g6jWvJVYYapfQqtE92ZlzYBIw%26dib_tag%3Dse%26keywords%3DPencil%26qid%3D1745980071%26sr%3D8-1-spons%26sp_csd%3Dd2lkZ2V0TmFtZT1zcF9hdGY%26psc%3D1
"Shuttle Art Wood-Cased #2 HB Pencils, 350 Pack Sharpened Yellow Pencils with Erasers, Bulk Pack Graphite Pencils for School and Teacher Supplies, Writing, Drawing and Sketching", B0891SSBJT ,https://www.amazon.com/sspa/click?ie=UTF8&spc=MTozNTgwOTkyMjA5MzkwMzQ2OjE3NDU5ODAwNzI6c3BfYXRmOjIwMDAyNTE5MTY0MDM1MTo6MDo6&url=%2FWood-Cased-Shuttle-Art-Sharpened-Sketching%2Fdp%2FB0891SSBJT%2Fref%3Dsr_1_5_sspa%3Fdib%3DeyJ2IjoiMSJ9.ipF6Nb_jyPvG8pTjlLapGBTa63gFmVMBNNJNBgJPqDWeduIXZvqDUHbsG7bpFkIV8geqv9k8T2Sb43mNcn0m5521CJJB_Ba2lspa5GUy8-zjq9_R-eM2rmiD6onV4fKGoGCsR8Pd0UHNUVbvB3fATcQfReCSLf22Q39knrjXurVhxs5vxSB0W8LikbtEtfBUPbdOafHFPYsUDC1d7LIt-OHOrVuUtani9ddEuvrpifpwY7E576axCRzQmWwxMvXxu4tbbCqq1en6gNZM8RF_8BBxU5fZ1cwXOqKMTu8AcDI.5u08GWQVol9YElwp-_g6jWvJVYYapfQqtE92ZlzYBIw%26dib_tag%3Dse%26keywords%3DPencil%26qid%3D1745980071%26sr%3D8-5-spons%26sp_csd%3Dd2lkZ2V0TmFtZT1zcF9hdGY%26psc%3D1
"Pencils Bulk, 365 Pack, Pre Sharpened #2, Pencils for Kids, Easy Hold Grip With Erasers On Top, Sharpened #2 HB for Effortless Writing, Perfect for Classroom Use and Back to School Supplies", B0DLKGFV62 ,https://www.amazon.com/sspa/click?ie=UTF8&spc=MTozNTgwOTkyMjA5MzkwMzQ2OjE3NDU5ODAwNzI6c3BfYXRmOjMwMDYxODc2NjU0MDkwMjo6MDo6&url=%2FRosmonde-Sharpened-Effortless-Classroom-Supplies%2Fdp%2FB0DLKGFV62%2Fref%3Dsr_1_2_sspa%3Fdib%3DeyJ2IjoiMSJ9.ipF6Nb_jyPvG8pTjlLapGBTa63gFmVMBNNJNBgJPqDWeduIXZvqDUHbsG7bpFkIV8geqv9k8T2Sb43mNcn0m5521CJJB_Ba2lspa5GUy8-zjq9_R-eM2rmiD6onV4fKGoGCsR8Pd0UHNUVbvB3fATcQfReCSLf22Q39knrjXurVhxs5vxSB0W8LikbtEtfBUPbdOafHFPYsUDC1d7LIt-OHOrVuUtani9ddEuvrpifpwY7E576axCRzQmWwxMvXxu4tbbCqq1en6gNZM8RF_8BBxU5fZ1cwXOqKMTu8AcDI.5u08GWQVol9YElwp-_g6jWvJVYYapfQqtE92ZlzYBIw%26dib_tag%3Dse%26keywords%3DPencil%26qid%3D1745980071%26sr%3D8-2-spons%26sp_csd%3Dd2lkZ2V0TmFtZT1zcF9hdGY%26psc%3D1
"S & E Teacher's Edition Woodcased #2 Pencils, Pre-sharpened, Yellow With Erasers, HB Lead Bulk Box, 600 Count", B0CNNK7KPF ,https://www.amazon.com/sspa/click?ie=UTF8&spc=MTozNTgwOTkyMjA5MzkwMzQ2OjE3NDU5ODAwNzI6c3BfYXRmOjMwMDE1MjExMDIyNzMwMjo6MDo6&url=%2FTEACHERS-Woodcased-Pencils-Pre-sharpened-Erasers%2Fdp%2FB0CNNK7KPF%2Fref%3Dsr_1_3_sspa%3Fdib%3DeyJ2IjoiMSJ9.ipF6Nb_jyPvG8pTjlLapGBTa63gFmVMBNNJNBgJPqDWeduIXZvqDUHbsG7bpFkIV8geqv9k8T2Sb43mNcn0m5521CJJB_Ba2lspa5GUy8-zjq9_R-eM2rmiD6onV4fKGoGCsR8Pd0UHNUVbvB3fATcQfReCSLf22Q39knrjXurVhxs5vxSB0W8LikbtEtfBUPbdOafHFPYsUDC1d7LIt-OHOrVuUtani9ddEuvrpifpwY7E576axCRzQmWwxMvXxu4tbbCqq1en6gNZM8RF_8BBxU5fZ1cwXOqKMTu8AcDI.5u08GWQVol9YElwp-_g6jWvJVYYapfQqtE92ZlzYBIw%26dib_tag%3Dse%26keywords%3DPencil%26qid%3D1745980071%26sr%3D8-3-spons%26sp_csd%3Dd2lkZ2V0TmFtZT1zcF9hdGY%26psc%3D1
"Madisi Wood-Cased #2 HB Pencils, Yellow, Pre-sharpened, Bulk Pack, 576 pencils in box", B07NW9N6W5 ,https://www.amazon.com/Wood-Cased-Pencils-Pre-sharpened-pencils-Madisi/dp/B07NW9N6W5/ref=sr_1_7?dib=eyJ2IjoiMSJ9.ipF6Nb_jyPvG8pTjlLapGBTa63gFmVMBNNJNBgJPqDWeduIXZvqDUHbsG7bpFkIV8geqv9k8T2Sb43mNcn0m5521CJJB_Ba2lspa5GUy8-zjq9_R-eM2rmiD6onV4fKGoGCsR8Pd0UHNUVbvB3fATcQfReCSLf22Q39knrjXurVhxs5vxSB0W8LikbtEtfBUPbdOafHFPYsUDC1d7LIt-OHOrVuUtani9ddEuvrpifpwY7E576axCRzQmWwxMvXxu4tbbCqq1en6gNZM8RF_8BBxU5fZ1cwXOqKMTu8AcDI.5u08GWQVol9YElwp-_g6jWvJVYYapfQqtE92ZlzYBIw&dib_tag=se&keywords=Pencil&qid=1745980071&sr=8-7
"Amazon Basics Woodcased Classroom #2 Pencils with Erasers, Pre-sharpened, HB Lead, Value Pack of 30 count, Orange", B071JM699B ,https://www.amazon.com/AmazonBasics-Pre-sharpened-Wood-Cased-Pencils/dp/B071JM699B/ref=sr_1_8?dib=eyJ2IjoiMSJ9.ipF6Nb_jyPvG8pTjlLapGBTa63gFmVMBNNJNBgJPqDWeduIXZvqDUHbsG7bpFkIV8geqv9k8T2Sb43mNcn0m5521CJJB_Ba2lspa5GUy8-zjq9_R-eM2rmiD6onV4fKGoGCsR8Pd0UHNUVbvB3fATcQfReCSLf22Q39knrjXurVhxs5vxSB0W8LikbtEtfBUPbdOafHFPYsUDC1d7LIt-OHOrVuUtani9ddEuvrpifpwY7E576axCRzQmWwxMvXxu4tbbCqq1en6gNZM8RF_8BBxU5fZ1cwXOqKMTu8AcDI.5u08GWQVol9YElwp-_g6jWvJVYYapfQqtE92ZlzYBIw&dib_tag=se&keywords=Pencil&qid=1745980071&sr=8-8
"Amazon Basics Wood-Cased #2 Pencils, Pre-sharpened, HB Lead Bulk Box, 150 Count, Yellow", B071JM699P ,https://www.amazon.com/AmazonBasics-Pre-sharpened-Wood-Cased-Pencils/dp/B071JM699P/ref=sr_1_6?dib=eyJ2IjoiMSJ9.ipF6Nb_jyPvG8pTjlLapGBTa63gFmVMBNNJNBgJPqDWeduIXZvqDUHbsG7bpFkIV8geqv9k8T2Sb43mNcn0m5521CJJB_Ba2lspa5GUy8-zjq9_R-eM2rmiD6onV4fKGoGCsR8Pd0UHNUVbvB3fATcQfReCSLf22Q39knrjXurVhxs5vxSB0W8LikbtEtfBUPbdOafHFPYsUDC1d7LIt-OHOrVuUtani9ddEuvrpifpwY7E576axCRzQmWwxMvXxu4tbbCqq1en6gNZM8RF_8BBxU5fZ1cwXOqKMTu8AcDI.5u08GWQVol9YElwp-_g6jWvJVYYapfQqtE92ZlzYBIw&dib_tag=se&keywords=Pencil&qid=1745980071&sr=8-6
"Wood-Cased #2 HB Pencils, Pre-sharpened, 360 Count Bulk Pack", B0CFQJ9834 ,https://www.amazon.com/Rarlan-Wood-Cased-Pencils-Pre-sharpened-Count/dp/B0CFQJ9834/ref=sr_1_9?dib=eyJ2IjoiMSJ9.ipF6Nb_jyPvG8pTjlLapGBTa63gFmVMBNNJNBgJPqDWeduIXZvqDUHbsG7bpFkIV8geqv9k8T2Sb43mNcn0m5521CJJB_Ba2lspa5GUy8-zjq9_R-eM2rmiD6onV4fKGoGCsR8Pd0UHNUVbvB3fATcQfReCSLf22Q39knrjXurVhxs5vxSB0W8LikbtEtfBUPbdOafHFPYsUDC1d7LIt-OHOrVuUtani9ddEuvrpifpwY7E576axCRzQmWwxMvXxu4tbbCqq1en6gNZM8RF_8BBxU5fZ1cwXOqKMTu8AcDI.5u08GWQVol9YElwp-_g6jWvJVYYapfQqtE92ZlzYBIw&dib_tag=se&keywords=Pencil&qid=1745980071&sr=8-9
"Madisi Wood-Cased #2 HB Pencils, Yellow, Pre-sharpened, Bulk Pack, 1000 pencils", B07ZGDX5MT ,https://www.amazon.com/Wood-Cased-Pencils-Yellow-Pre-sharpened-pencils/dp/B07ZGDX5MT/ref=sr_1_10?dib=eyJ2IjoiMSJ9.ipF6Nb_jyPvG8pTjlLapGBTa63gFmVMBNNJNBgJPqDWeduIXZvqDUHbsG7bpFkIV8geqv9k8T2Sb43mNcn0m5521CJJB_Ba2lspa5GUy8-zjq9_R-eM2rmiD6onV4fKGoGCsR8Pd0UHNUVbvB3fATcQfReCSLf22Q39knrjXurVhxs5vxSB0W8LikbtEtfBUPbdOafHFPYsUDC1d7LIt-OHOrVuUtani9ddEuvrpifpwY7E576axCRzQmWwxMvXxu4tbbCqq1en6gNZM8RF_8BBxU5fZ1cwXOqKMTu8AcDI.5u08GWQVol9YElwp-_g6jWvJVYYapfQqtE92ZlzYBIw&dib_tag=se&keywords=Pencil&qid=1745980071&sr=8-10
"S & E TEACHER'S EDITION Woodcased #2 Pencils, Pre-sharpened, HB Lead Bulk Box, Pencils No. 2, Yellow, 1000 Count", B0CNNMQ89Y ,https://www.amazon.com/sspa/click?ie=UTF8&spc=MToyNDM1NTY0MjQ5MjA3OTYyOjE3NDYzNDgyNTY6c3BfYXRmOjMwMDE1MjA2ODU3NDAwMjo6MDo6&url=%2FTEACHERS-Woodcased-Pencils-Pre-sharpened-Yellow%2Fdp%2FB0CNNMQ89Y%2Fref%3Dsr_1_1_sspa%3Fdib%3DeyJ2IjoiMSJ9.3ppF-cpAcuQGvUW6cmKQ9qy6aZHs_fWqSv81FwlWWgQoCm0kZ7MDAl_vZ3jsUb4-b5kfemJrmPfM_2VHkzRYpyw35CQxZquJZthA_fa5tDsnlit3mD1qC0O5_kunKWUeXyPLBFXl9FtUmNvbfeJic6i_Qo4TIzOxpa_3A1Lo5oAe7t891I85YDjUauMPTMKfKbAjbK2IhMpy_2KfcvcZGS8qSyW4D26_kNQbJsnCl2y_xXqrCYsIr9jXe_wYPwPRs5scvbLCTzB-H2TPa5AwwJIsHL3JsXF28-UHKUtW6Pk.Vu7Yp3xMjzNWu3CaJXERqPXSdcV-w0nOFj1BpfGqxug%26dib_tag%3Dse%26keywords%3DPencil%26qid%3D1746348255%26sr%3D8-1-spons%26sp_csd%3Dd2lkZ2V0TmFtZT1zcF9hdGY%26psc%3D1
"IKAYAS 400 Pack Yellow #2 HB Pencils with Erasers for Kids, Pre-Sharpened, Ambidextrous, Writing, Drawing, Sketching", B0C65WZL9T ,https://www.amazon.com/sspa/click?ie=UTF8&spc=MToyNDM1NTY0MjQ5MjA3OTYyOjE3NDYzNDgyNTY6c3BfYXRmOjMwMDA2MjQxNjM4NTYwMjo6MDo6&url=%2FIKAYAS-Sharpened-Pre-sharpened-classroom-Wood-Cased%2Fdp%2FB0C65WZL9T%2Fref%3Dsr_1_3_sspa%3Fdib%3DeyJ2IjoiMSJ9.3ppF-cpAcuQGvUW6cmKQ9qy6aZHs_fWqSv81FwlWWgQoCm0kZ7MDAl_vZ3jsUb4-b5kfemJrmPfM_2VHkzRYpyw35CQxZquJZthA_fa5tDsnlit3mD1qC0O5_kunKWUeXyPLBFXl9FtUmNvbfeJic6i_Qo4TIzOxpa_3A1Lo5oAe7t891I85YDjUauMPTMKfKbAjbK2IhMpy_2KfcvcZGS8qSyW4D26_kNQbJsnCl2y_xXqrCYsIr9jXe_wYPwPRs5scvbLCTzB-H2TPa5AwwJIsHL3JsXF28-UHKUtW6Pk.Vu7Yp3xMjzNWu3CaJXERqPXSdcV-w0nOFj1BpfGqxug%26dib_tag%3Dse%26keywords%3DPencil%26qid%3D1746348255%26sr%3D8-3-spons%26sp_csd%3Dd2lkZ2V0TmFtZT1zcF9hdGY%26psc%3D1
"BIC Xtra-Smooth Pastel Mechanical Pencils with Erasers, Medium Point (0.7mm), 40-Count Pack, Bulk Mechanical Pencils for School or Office Supplies", B0CQ6QY3WH ,https://www.amazon.com/sspa/click?ie=UTF8&spc=MToyNDM1NTY0MjQ5MjA3OTYyOjE3NDYzNDgyNTY6c3BfYXRmOjMwMDUzNjcxODE2MzIwMjo6MDo6&url=%2FBIC-Xtra-Smooth-Mechanical-40-Count-Supplies%2Fdp%2FB0CQ6QY3WH%2Fref%3Dsr_1_4_sspa%3Fdib%3DeyJ2IjoiMSJ9.3ppF-cpAcuQGvUW6cmKQ9qy6aZHs_fWqSv81FwlWWgQoCm0kZ7MDAl_vZ3jsUb4-b5kfemJrmPfM_2VHkzRYpyw35CQxZquJZthA_fa5tDsnlit3mD1qC0O5_kunKWUeXyPLBFXl9FtUmNvbfeJic6i_Qo4TIzOxpa_3A1Lo5oAe7t891I85YDjUauMPTMKfKbAjbK2IhMpy_2KfcvcZGS8qSyW4D26_kNQbJsnCl2y_xXqrCYsIr9jXe_wYPwPRs5scvbLCTzB-H2TPa5AwwJIsHL3JsXF28-UHKUtW6Pk.Vu7Yp3xMjzNWu3CaJXERqPXSdcV-w0nOFj1BpfGqxug%26dib_tag%3Dse%26keywords%3DPencil%26qid%3D1746348255%26sr%3D8-4-spons%26sp_csd%3Dd2lkZ2V0TmFtZT1zcF9hdGY%26psc%3D1
Seagull Pencils Pre-sharpened No. 2 144/box 4 Boxes of 144 New Improved Eraser, B01C4JIZUQ ,https://www.amazon.com/sspa/click?ie=UTF8&spc=MToyNDM1NTY0MjQ5MjA3OTYyOjE3NDYzNDgyNTY6c3BfYXRmOjMwMDQ4ODM5NTgzODMwMjo6MDo6&url=%2FPencils-Pre-sharpened-Boxes-Improved-Eraser%2Fdp%2FB01C4JIZUQ%2Fref%3Dsr_1_5_sspa%3Fdib%3DeyJ2IjoiMSJ9.3ppF-cpAcuQGvUW6cmKQ9qy6aZHs_fWqSv81FwlWWgQoCm0kZ7MDAl_vZ3jsUb4-b5kfemJrmPfM_2VHkzRYpyw35CQxZquJZthA_fa5tDsnlit3mD1qC0O5_kunKWUeXyPLBFXl9FtUmNvbfeJic6i_Qo4TIzOxpa_3A1Lo5oAe7t891I85YDjUauMPTMKfKbAjbK2IhMpy_2KfcvcZGS8qSyW4D26_kNQbJsnCl2y_xXqrCYsIr9jXe_wYPwPRs5scvbLCTzB-H2TPa5AwwJIsHL3JsXF28-UHKUtW6Pk.Vu7Yp3xMjzNWu3CaJXERqPXSdcV-w0nOFj1BpfGqxug%26dib_tag%3Dse%26keywords%3DPencil%26qid%3D1746348255%26sr%3D8-5-spons%26sp_csd%3Dd2lkZ2V0TmFtZT1zcF9hdGY%26psc%3D1
"S & E TEACHER'S EDITION Woodcased #2 Pencils, Pre-sharpened, Yellow Pencils with Erasers #2 HB Lead Bulk Box, Pencils No. 2 Pencil, 600Pcs", B0CY51CD7G ,https://www.amazon.com/sspa/click?ie=UTF8&spc=MToyNDM1NTY0MjQ5MjA3OTYyOjE3NDYzNDgyNTY6c3BfYXRmOjMwMDI2NDAzNzgyMDkwMjo6MDo6&url=%2FTEACHERS-Woodcased-Pencils-Pre-sharpened-Erasers%2Fdp%2FB0CY51CD7G%2Fref%3Dsr_1_2_sspa%3Fdib%3DeyJ2IjoiMSJ9.3ppF-cpAcuQGvUW6cmKQ9qy6aZHs_fWqSv81FwlWWgQoCm0kZ7MDAl_vZ3jsUb4-b5kfemJrmPfM_2VHkzRYpyw35CQxZquJZthA_fa5tDsnlit3mD1qC0O5_kunKWUeXyPLBFXl9FtUmNvbfeJic6i_Qo4TIzOxpa_3A1Lo5oAe7t891I85YDjUauMPTMKfKbAjbK2IhMpy_2KfcvcZGS8qSyW4D26_kNQbJsnCl2y_xXqrCYsIr9jXe_wYPwPRs5scvbLCTzB-H2TPa5AwwJIsHL3JsXF28-UHKUtW6Pk.Vu7Yp3xMjzNWu3CaJXERqPXSdcV-w0nOFj1BpfGqxug%26dib_tag%3Dse%26keywords%3DPencil%26qid%3D1746348255%26sr%3D8-2-spons%26sp_csd%3Dd2lkZ2V0TmFtZT1zcF9hdGY%26psc%3D1
